Workbook

Sheet Unique Learners List
A1: First name | B1: Last name | C1: Email | D1: Contact phone | E1: Is Paid and Interested? | F1: Missing Assignments | G1: Call Status | H1: Comment
A2: Destaw Gisme | B2: Mulachew | C2: destawg@gmail.com | D2: +251918489684 | E2: =IF(ISNUMBER(MATCH(C2, 'Paid and Interested'!C:C, 0)), "Yes", "No") -> No | F2: Practice Quiz: Week 9, Week 9 Quiz, Week 9 Milestone, Week 9 Test
A3: Bitew | B3: Ababayehu | C3: bict1626@gmail.com | D3: +251949625344 | E3: =IF(ISNUMBER(MATCH(C3, 'Paid and Interested'!C:C, 0)), "Yes", "No") -> No | F3: Week 9 Milestone, Week 9 Test, Practice Quiz: Week 9, Week 9 Quiz
A4: Yitbarek | B4: Denbu | C4: yitbareksebsibe9@gmail.com | D4: 919410818 | E4: =IF(ISNUMBER(MATCH(C4, 'Paid and Interested'!C:C, 0)), "Yes", "No") -> No | F4: Week 9 Milestone, Week 9 Test, Practice Quiz: Week 9, Week 9 Quiz
A5: Mubarek | B5: Hassen | C5: mubeman63@gmail.com | D5: +251965030079 | E5: =IF(ISNUMBER(MATCH(C5, 'Paid and Interested'!C:C, 0)), "Yes", "No") -> No | F5: Week 9 Milestone, Week 9 Test, Practice Quiz: Week 9, Week 9 Quiz
A6: yoseph legesse | B6: abrha | C6: aregawiesayas@gmail.com | D6: +251996165586 | E6: =IF(ISNUMBER(MATCH(C6, 'Paid and Interested'!C:C, 0)), "Yes", "No") -> No | F6: Week 9 Milestone, Week 9 Test, Practice Quiz: Week 9, Week 9 Quiz
A7: abenezer | B7: Melsew | C7: abenezer.melsew@gmail.com | D7: +251913176044 | E7: =IF(ISNUMBER(MATCH(C7, 'Paid and Interested'!C:C, 0)), "Yes", "No") -> No | F7: Week 9 Milestone, Week 9 Test, Practice Quiz: Week 9, Week 9 Quiz
A8: Muzeyfi | B8: Mahadi | C8: mmuzeyfi@gmail.com | D8: +251975284215 | E8: =IF(ISNUMBER(MATCH(C8, 'Paid and Interested'!C:C, 0)), "Yes", "No") -> No | F8: Week 9 Milestone, Week 9 Test, Practice Quiz: Week 9, Week 9 Quiz
A9: Tedilahun Tesfaye | B9: Wada | C9: tedilahuntesfaye65@gmail.com | D9: +251939716065 | E9: =IF(ISNUMBER(MATCH(C9, 'Paid and Interested'!C:C, 0)), "Yes", "No") -> No | F9: Week 9 Milestone, Week 9 Test, Practice Quiz: Week 9, Week 9 Quiz
A10: Nebil | B10: Ahmed | C10: nebilnasir24@gmail.com | D10: +251994101121 | E10: =IF(ISNUMBER(MATCH(C10, 'Paid and Interested'!C:C, 0)), "Yes", "No") -> No | F10: Week 9 Milestone, Week 9 Test, Practice Quiz: Week 9, Week 9 Quiz
A11: Siraj | B11: Hassen | C11: sifrajhassen@gmail.com | D11: +251984131188 | E11: =IF(ISNUMBER(MATCH(C11, 'Paid and Interested'!C:C, 0)), "Yes", "No") -> No | F11: Week 9 Milestone, Week 9 Test, Practice Quiz: Week 9, Week 9 Quiz
A12: Addis | B12: Nigatu | C12: addishailu992@gmail.com | D12: +251945961714 | E12: =IF(ISNUMBER(MATCH(C12, 'Paid and Interested'!C:C, 0)), "Yes", "No") -> No | F12: Week 9 Milestone, Week 9 Test, Practice Quiz: Week 9, Week 9 Quiz
A13: Biruk Abera | B13: Gebra | C13: birukaberagebra@gmail.com | D13: +251929346733 | E13: =IF(ISNUMBER(MATCH(C13, 'Paid and Interested'!C:C, 0)), "Yes", "No") -> No | F13: Practice Quiz: Week 9, Week 9 Quiz, Week 9 Milestone, Week 9 Test
A14: Yohannis | B14: Million | C14: yohannismillion003@gmail.com | D14: +251994943497 | E14: =IF(ISNUMBER(MATCH(C14, 'Paid and Interested'!C:C, 0)), "Yes", "No") -> No | F14: Week 9 Milestone, Week 9 Test, Practice Quiz: Week 9, Week 9 Quiz
A15: Habtamu | B15: Mune | C15: habtamu122124s@gmail.com | D15: +251939778240 | E15: =IF(ISNUMBER(MATCH(C15, 'Paid and Interested'!C:C, 0)), "Yes", "No") -> No | F15: Week 9 Milestone, Week 9 Test, Practice Quiz: Week 9, Week 9 Quiz
A16: Ruth | B16: Getu | C16: rudygetu88@gmail.com | D16: +251944714263 | E16: =IF(ISNUMBER(MATCH(C16, 'Paid and Interested'!C:C, 0)), "Yes", "No") -> No | F16: Practice Quiz: Week 9, Week 9 Quiz, Week 9 Milestone, Week 9 Test
... A33: Ayantu | B33: Tariku | C33: ayantutariku22@gmail.com | D33: +251919473298 | E33: =IF(ISNUMBER(MATCH(C33, 'Paid and Interested'!C:C, 0)), "Yes", "No") -> No | F33: Week 9 Milestone, Week 9 Test, Practice Quiz: Week 9, Week 9 Quiz
A34: ezana | B34: ketema | C34: ezanaketema22@gmail.com | D34: 251934432842 | E34: =IF(ISNUMBER(MATCH(C34, 'Paid and Interested'!C:C, 0)), "Yes", "No") -> No | F34: Practice Quiz: Week 9, Week 9 Quiz, Week 9 Milestone, Week 9 Test
A35: Feven Solomon | B35: Aragaw | C35: dagimyilma@gmail.com | D35: +251703172769 | E35: =IF(ISNUMBER(MATCH(C35, 'Paid and Interested'!C:C, 0)), "Yes", "No") -> No | F35: Week 9 Milestone, Week 9 Test, Practice Quiz: Week 9, Week 9 Quiz
A36: Efrata | B36: Abayneh | C36: efratatewodros0@gmail.com | D36: +251904577470 | E36: =IF(ISNUMBER(MATCH(C36, 'Paid and Interested'!C:C, 0)), "Yes", "No") -> No | F36: Week 9 Milestone, Week 9 Test, Practice Quiz: Week 9, Week 9 Quiz
A37: Tola | B37: Oromia | C37: tolawestern27@gmail.com | D37: +251900595205 | E37: =IF(ISNUMBER(MATCH(C37, 'Paid and Interested'!C:C, 0)), "Yes", "No") -> No | F37: Week 9 Milestone, Week 9 Test, Practice Quiz: Week 9, Week 9 Quiz
A38: Rediet | B38: Negash | C38: redhamikael@gmail.com | D38: +251942953765 | E38: =IF(ISNUMBER(MATCH(C38, 'Paid and Interested'!C:C, 0)), "Yes", "No") -> No | F38: Week 9 Milestone, Week 9 Test, Practice Quiz: Week 9, Week 9 Quiz
A39: amanuel | B39: Ayalew | C39: amanueltesfaye544@gmail.com | D39: 942218249 | E39: =IF(ISNUMBER(MATCH(C39, 'Paid and Interested'!C:C, 0)), "Yes", "No") -> No | F39: Week 9 Milestone, Week 9 Test, Practice Quiz: Week 9, Week 9 Quiz
A40: Kirubel | B40: Hailu | C40: kirubel.seifu.great@gmail.com | D40: 909780413 | E40: =IF(ISNUMBER(MATCH(C40, 'Paid and Interested'!C:C, 0)), "Yes", "No") -> No | F40: Week 9 Milestone, Week 9 Test, Practice Quiz: Week 9, Week 9 Quiz
A41: Ermias | B41: Gebeyehu | C41: demekegebeyehu5@gmail.com | D41: +251920256167 | E41: =IF(ISNUMBER(MATCH(C41, 'Paid and Interested'!C:C, 0)), "Yes", "No") -> No | F41: Week 9 Milestone, Week 9 Test, Practice Quiz: Week 9, Week 9 Quiz
A42: Lielena | B42: Mesfin | C42: lielnams2006@gmail.com | D42: +251974400747 | E42: =IF(ISNUMBER(MATCH(C42, 'Paid and Interested'!C:C, 0)), "Yes", "No") -> No | F42: Week 9 Milestone, Week 9 Test, Practice Quiz: Week 9, Week 9 Quiz
A43: Naol | B43: Degol | C43: naolde812@gmail.com | D43: +251976029568 | E43: =IF(ISNUMBER(MATCH(C43, 'Paid and Interested'!C:C, 0)), "Yes", "No") -> No | F43: Week 9 Milestone, Week 9 Test, Practice Quiz: Week 9, Week 9 Quiz
A44: Sitra | B44: Yazew | C44: sitramasreshay@gmail.com | D44: +251973414100 | E44: =IF(ISNUMBER(MATCH(C44, 'Paid and Interested'!C:C, 0)), "Yes", "No") -> No | F44: Week 9 Milestone, Week 9 Test, Practice Quiz: Week 9, Week 9 Quiz
A45: Seidu | B45: Zayede | C45: seiduzayede@gmail.com | D45: +251921795959 | E45: =IF(ISNUMBER(MATCH(C45, 'Paid and Interested'!C:C, 0)), "Yes", "No") -> No | F45: Week 9 Milestone, Week 9 Test, Practice Quiz: Week 9, Week 9 Quiz
A46: Habiba | B46: Ashref | C46: ashrefhabiba08@gmail.com | D46: +251912382222 | E46: =IF(ISNUMBER(MATCH(C46, 'Paid and Interested'!C:C, 0)), "Yes", "No") -> No | F46: Week 9 Milestone, Week 9 Test, Practice Quiz: Week 9, Week 9 Quiz
A47: Hakimiyas | B47: Yilma | C47: kemeshgale@gmail.com | D47: 911918308 | E47: =IF(ISNUMBER(MATCH(C47, 'Paid and Interested'!C:C, 0)), "Yes", "No") -> No | F47: Practice Quiz: Week 9, Week 9 Quiz, Week 9 Milestone, Week 9 Test
A48: Nahom | B48: Zeleke | C48: nahomzeleke5@gmail.com | D48: +251989033620 | E48: =IF(ISNUMBER(MATCH(C48, 'Paid and Interested'!C:C, 0)), "Yes", "No") -> No | F48: Week 9 Milestone, Week 9 Test, Practice Quiz: Week 9, Week 9 Quiz
A49: Mikiyas | B49: Muluneh | C49: mulumiki4@gmail.com | D49: +251927990402 | E49: =IF(ISNUMBER(MATCH(C49, 'Paid and Interested'!C:C, 0)), "Yes", "No") -> No | F49: Week 9 Milestone, Week 9 Test, Practice Quiz: Week 9, Week 9 Quiz
A50: Kirubel | B50: Tesfaye | C50: tkirubel648@gmail.com | D50: +251939993088 | E50: =IF(ISNUMBER(MATCH(C50, 'Paid and Interested'!C:C, 0)), "Yes", "No") -> No | F50: Week 9 Milestone, Week 9 Test, Practice Quiz: Week 9, Week 9 Quiz
A51: Meron | B51: Tanjerina | C51: merontangu@gmail.com | D51: +251911135410 | E51: =IF(ISNUMBER(MATCH(C51, 'Paid and Interested'!C:C, 0)), "Yes", "No") -> No | F51: Week 9 Milestone, Week 9 Test, Practice Quiz: Week 9, Week 9 Quiz
A52: yohannes | B52: kebede | C52: yohaneskebedejo15@gmail.com | D52: +251935551413 | E52: =IF(ISNUMBER(MATCH(C52, 'Paid and Interested'!C:C, 0)), "Yes", "No") -> No | F52: Week 9 Milestone, Week 9 Test, Practice Quiz: Week 9, Week 9 Quiz
A53: Biniyam | B53: Mandefro | C53: biniman286@gmail.com | D53: +251979078288 | E53: =IF(ISNUMBER(MATCH(C53, 'Paid and Interested'!C:C, 0)), "Yes", "No") -> No | F53: Week 9 Milestone, Week 9 Test, Practice Quiz: Week 9, Week 9 Quiz
A54: Intisar | B54: Shemsu | C54: intisarshemsu2017gmail.com@gmail.com | D54: +251975184414 | E54: =IF(ISNUMBER(MATCH(C54, 'Paid and Interested'!C:C, 0)), "Yes", "No") -> No | F54: Week 9 Milestone, Week 9 Test, Practice Quiz: Week 9, Week 9 Quiz
A55: Yordanos | B55: Shemsedien | C55: yordanosshemsedin901@gmail.com | D55: +251901859818 | E55: =IF(ISNUMBER(MATCH(C55, 'Paid and Interested'!C:C, 0)), "Yes", "No") -> No | F55: Week 9 Milestone, Week 9 Test, Practice Quiz: Week 9, Week 9 Quiz
A56: REDIET TILAHUN | B56: AYELE | C56: rediettilahun10@gmail.com | D56: +251911172398 | E56: =IF(ISNUMBER(MATCH(C56, 'Paid and Interested'!C:C, 0)), "Yes", "No") -> No | F56: Week 9 Milestone, Week 9 Test, Practice Quiz: Week 9, Week 9 Quiz
A57: Mengistu | B57: Tegegne | C57: tegegnem83@gmail.com | D57: 919698237 | E57: =IF(ISNUMBER(MATCH(C57, 'Paid and Interested'!C:C, 0)), "Yes", "No") -> No | F57: Week 9 Milestone, Week 9 Test, Practice Quiz: Week 9, Week 9 Quiz
A58: kidist | B58: melkamu | C58: emuti271612@gmail.com | D58: +251065053695 | E58: =IF(ISNUMBER(MATCH(C58, 'Paid and Interested'!C:C, 0)), "Yes", "No") -> No | F58: Week 9 Milestone, Week 9 Test, Practice Quiz: Week 9, Week 9 Quiz
A59: Dursa | B59: Aliye | C59: keydu55@gmail.com | D59: +251912756455 | E59: =IF(ISNUMBER(MATCH(C59, 'Paid and Interested'!C:C, 0)), "Yes", "No") -> No | F59: Week 9 Milestone, Week 9 Test, Practice Quiz: Week 9, Week 9 Quiz
A60: Blen | B60: Gebremariam | C60: bilublen20@gmail.com | D60: +251966888442 | E60: =IF(ISNUMBER(MATCH(C60, 'Paid and Interested'!C:C, 0)), "Yes", "No") -> No | F60: Week 9 Milestone, Week 9 Test, Practice Quiz: Week 9, Week 9 Quiz
A61: BERESA | B61: GAGE | C61: lberesa@gmail.com | D61: 251910930130 | E61: =IF(ISNUMBER(MATCH(C61, 'Paid and Interested'!C:C, 0)), "Yes", "No") -> No | F61: Week 9 Milestone, Week 9 Test, Practice Quiz: Week 9, Week 9 Quiz
A62: Misganaw | B62: Yehuala | C62: asnakemisgana88@gmail.com | D62: +251913618893 | E62: =IF(ISNUMBER(MATCH(C62, 'Paid and Interested'!C:C, 0)), "Yes", "No") -> No | F62: Week 9 Milestone, Week 9 Test, Practice Quiz: Week 9, Week 9 Quiz
A63: Hanan | B63: Kebede | C63: hananitakebede12@gmail.com | D63: +251946409290 | E63: =IF(ISNUMBER(MATCH(C63, 'Paid and Interested'!C:C, 0)), "Yes", "No") -> No | F63: Week 9 Milestone, Week 9 Test, Practice Quiz: Week 9, Week 9 Quiz
A64: Werkineh Gebermichael | B64: Welde | C64: werkinehgmichael10@gmail.com | D64: +251903096549 | E64: =IF(ISNUMBER(MATCH(C64, 'Paid and Interested'!C:C, 0)), "Yes", "No") -> No | F64: Week 9 Milestone, Week 9 Test, Practice Quiz: Week 9, Week 9 Quiz
A65: Beyan | B65: Abdela | C65: beyan7889@gmail.com | D65: +251949870596 | E65: =IF(ISNUMBER(MATCH(C65, 'Paid and Interested'!C:C, 0)), "Yes", "No") -> No | F65: Week 9 Milestone, Week 9 Test, Practice Quiz: Week 9, Week 9 Quiz
A66: Getnet | B66: Demissie | C66: getnetmulugeta2000@gmail.com | D66: 964865694 | E66: =IF(ISNUMBER(MATCH(C66, 'Paid and Interested'!C:C, 0)), "Yes", "No") -> No | F66: Week 9 Milestone, Week 9 Test, Practice Quiz: Week 9, Week 9 Quiz
A67: Dagmawi | B67: Tesfaye | C67: dagmawitesfaye1318@gmail.com | D67: +251919183460 | E67: =IF(ISNUMBER(MATCH(C67, 'Paid and Interested'!C:C, 0)), "Yes", "No") -> No | F67: Week 9 Milestone, Week 9 Test, Practice Quiz: Week 9, Week 9 Quiz
A68: Leul | B68: Yonas | C68: lecrae12345678@gmail.com | D68: +251909121415 | E68: =IF(ISNUMBER(MATCH(C68, 'Paid and Interested'!C:C, 0)), "Yes", "No") -> No | F68: Week 9 Milestone, Week 9 Test, Practice Quiz: Week 9, Week 9 Quiz
A69: Rabiya | B69: Rahmeto | C69: rabiyarahmeto2004@gmail.com | D69: +251947589276 | E69: =IF(ISNUMBER(MATCH(C69, 'Paid and Interested'!C:C, 0)), "Yes", "No") -> No | F69: Week 9 Milestone, Week 9 Test, Practice Quiz: Week 9, Week 9 Quiz
A70: sayan | B70: abreham | C70: sayanabreham8@gmail.com | D70: +251939322122 | E70: =IF(ISNUMBER(MATCH(C70, 'Paid and Interested'!C:C, 0)), "Yes", "No") -> No | F70: Practice Quiz: Week 9, Week 9 Quiz, Week 9 Milestone, Week 9 Test
A71: Ruth | B71: Getachew | C71: ruthgetachew49@gmail.com | D71: +251946362757 | E71: =IF(ISNUMBER(MATCH(C71, 'Paid and Interested'!C:C, 0)), "Yes", "No") -> No | F71: Practice Quiz: Week 9, Week 9 Quiz, Week 9 Milestone, Week 9 Test
A72: Yosef | B72: Tadesse | C72: twistingjob@gmail.com | D72: +251964607772 | E72: =IF(ISNUMBER(MATCH(C72, 'Paid and Interested'!C:C, 0)), "Yes", "No") -> No | F72: Week 9 Milestone, Week 9 Test, Practice Quiz: Week 9, Week 9 Quiz
A73: Kenesa | B73: Tesfaye | C73: travtube43@gmail.com | D73: +251977840440 | E73: =IF(ISNUMBER(MATCH(C73, 'Paid and Interested'!C:C, 0)), "Yes", "No") -> No | F73: Week 9 Milestone, Week 9 Test, Practice Quiz: Week 9, Week 9 Quiz
A74: Eliyas | B74: Dejena | C74: eliyasdejena96@gmail.com | D74: +251991122060 | E74: =IF(ISNUMBER(MATCH(C74, 'Paid and Interested'!C:C, 0)), "Yes", "No") -> No | F74: Week 9 Milestone, Week 9 Test, Practice Quiz: Week 9, Week 9 Quiz
A75: Nardos | B75: Addis | C75: anardos841@gmail.com | D75: +251920345070 | E75: =IF(ISNUMBER(MATCH(C75, 'Paid and Interested'!C:C, 0)), "Yes", "No") -> No | F75: Week 9 Milestone, Week 9 Test, Practice Quiz: Week 9, Week 9 Quiz
A76: Christian | B76: Dessalegn | C76: erenchristian717@gmail.com | D76: +251911879949 | E76: =IF(ISNUMBER(MATCH(C76, 'Paid and Interested'!C:C, 0)), "Yes", "No") -> No | F76: Week 9 Milestone, Week 9 Test, Practice Quiz: Week 9, Week 9 Quiz
A77: Kaleb | B77: berhane | C77: kalebberhane4@gmail.com | D77: +251940123511 | E77: =IF(ISNUMBER(MATCH(C77, 'Paid and Interested'!C:C, 0)), "Yes", "No") -> No | F77: Week 9 Milestone, Week 9 Test, Practice Quiz: Week 9, Week 9 Quiz
A78: Yoseph | B78: Mekru | C78: yoseph.mekru@gmail.com | D78: +251960301014 | E78: =IF(ISNUMBER(MATCH(C78, 'Paid and Interested'!C:C, 0)), "Yes", "No") -> No | F78: Practice Quiz: Week 9, Week 9 Quiz, Week 9 Milestone, Week 9 Test
... A81: Amen | B81: Getachew | C81: amengetachew040@gmail.com | D81: +251903757075 | E81: =IF(ISNUMBER(MATCH(C81, 'Paid and Interested'!C:C, 0)), "Yes", "No") -> No | F81: Week 9 Milestone, Week 9 Test, Practice Quiz: Week 9, Week 9 Quiz
A82: Mercy | B82: Mk | C82: mercymk05@gmail.com | D82: 901140316 | E82: =IF(ISNUMBER(MATCH(C82, 'Paid and Interested'!C:C, 0)), "Yes", "No") -> No | F82: Week 9 Milestone, Week 9 Test, Practice Quiz: Week 9, Week 9 Quiz
A83: Mesele | B83: Aschenaki | C83: meryemabob@hotmail.com | D83: +251967796341 | E83: =IF(ISNUMBER(MATCH(C83, 'Paid and Interested'!C:C, 0)), "Yes", "No") -> No | F83: Week 9 Milestone, Week 9 Test, Practice Quiz: Week 9, Week 9 Quiz
A84: Fatuma | B84: Kedir | C84: fatikedir213@gmail.com | D84: +251968623781 | E84: =IF(ISNUMBER(MATCH(C84, 'Paid and Interested'!C:C, 0)), "Yes", "No") -> No | F84: Practice Quiz: Week 9, Week 9 Quiz, Week 9 Milestone, Week 9 Test
A85: Samuel | B85: Tewelde | C85: sm8878805@gmail.com | D85: +251994054292 | E85: =IF(ISNUMBER(MATCH(C85, 'Paid and Interested'!C:C, 0)), "Yes", "No") -> No | F85: Week 9 Milestone, Week 9 Test, Practice Quiz: Week 9, Week 9 Quiz
A86: Emran | B86: Mohammed | C86: emranmohammed723@gmail.com | D86: +251996865428 | E86: =IF(ISNUMBER(MATCH(C86, 'Paid and Interested'!C:C, 0)), "Yes", "No") -> No | F86: Week 9 Milestone, Week 9 Test, Practice Quiz: Week 9, Week 9 Quiz
A87: Abel | B87: Sitotaw | C87: abelsitotaw906@gmail.com | D87: 942105451 | E87: =IF(ISNUMBER(MATCH(C87, 'Paid and Interested'!C:C, 0)), "Yes", "No") -> No | F87: Week 9 Milestone, Week 9 Test, Practice Quiz: Week 9, Week 9 Quiz
A88: Yakin | B88: Getahun | C88: yakingetahun@gmail.com | D88: +251951514328 | E88: =IF(ISNUMBER(MATCH(C88, 'Paid and Interested'!C:C, 0)), "Yes", "No") -> No | F88: Week 9 Milestone, Week 9 Test, Practice Quiz: Week 9, Week 9 Quiz
A89: Yohaans | B89: Hmaryam | C89: mansami1221@gmail.com | D89: +251911771459 | E89: =IF(ISNUMBER(MATCH(C89, 'Paid and Interested'!C:C, 0)), "Yes", "No") -> No | F89: Week 9 Milestone, Week 9 Test, Practice Quiz: Week 9, Week 9 Quiz
A90: hana | B90: nguse | C90: hananguse5@gmail.com | D90: +251904504897 | E90: =IF(ISNUMBER(MATCH(C90, 'Paid and Interested'!C:C, 0)), "Yes", "No") -> No | F90: Practice Quiz: Week 9, Week 9 Quiz, Week 9 Milestone, Week 9 Test
A91: Efan | B91: Addis | C91: kidusaddis1214@gmail.com | D91: +251936493760 | E91: =IF(ISNUMBER(MATCH(C91, 'Paid and Interested'!C:C, 0)), "Yes", "No") -> No | F91: Practice Quiz: Week 9, Week 9 Quiz, Week 9 Milestone, Week 9 Test
A92: Alem | B92: Alemayehu | C92: alemalemayehu1996@gmail.com | D92: +251907081948 | E92: =IF(ISNUMBER(MATCH(C92, 'Paid and Interested'!C:C, 0)), "Yes", "No") -> No | F92: Practice Quiz: Week 9, Week 9 Quiz, Week 9 Milestone, Week 9 Test
A93: Meresit | B93: Tadele | C93: meresit920@gmail.com | D93: +251942322331 | E93: =IF(ISNUMBER(MATCH(C93, 'Paid and Interested'!C:C, 0)), "Yes", "No") -> No | F93: Practice Quiz: Week 9, Week 9 Quiz, Week 9 Milestone, Week 9 Test
A94: Yanet | B94: Demis | C94: astewaysolomon48@gmail.com | D94: +251937604126 | E94: =IF(ISNUMBER(MATCH(C94, 'Paid and Interested'!C:C, 0)), "Yes", "No") -> No | F94: Week 9 Milestone, Week 9 Test, Practice Quiz: Week 9, Week 9 Quiz
A95: Soliyana | B95: Asmare | C95: solianaasmare45@gmail.com | D95: +251903508405 | E95: =IF(ISNUMBER(MATCH(C95, 'Paid and Interested'!C:C, 0)), "Yes", "No") -> No | F95: Week 9 Milestone, Week 9 Test, Practice Quiz: Week 9, Week 9 Quiz
A96: ruth | B96: hailu | C96: ruthgemeda1998@gmail.com | D96: +251978014689 | E96: =IF(ISNUMBER(MATCH(C96, 'Paid and Interested'!C:C, 0)), "Yes", "No") -> No | F96: Practice Quiz: Week 9, Week 9 Quiz, Week 9 Milestone, Week 9 Test
A97: Liul | B97: Eshetu | C97: shetululee@gmail.com | D97: +251923341644 | E97: =IF(ISNUMBER(MATCH(C97, 'Paid and Interested'!C:C, 0)), "Yes", "No") -> No | F97: Week 9 Milestone, Week 9 Test, Practice Quiz: Week 9, Week 9 Quiz
A98: Seble | B98: Dagnachew | C98: seblefeleke16@gmail.com | D98: +251952889761 | E98: =IF(ISNUMBER(MATCH(C98, 'Paid and Interested'!C:C, 0)), "Yes", "No") -> No | F98: Practice Quiz: Week 9, Week 9 Quiz, Week 9 Milestone, Week 9 Test
A99: Tesfaye | B99: Tadese | C99: kingstartesfa@gmail.com | D99: 904177650 | E99: =IF(ISNUMBER(MATCH(C99, 'Paid and Interested'!C:C, 0)), "Yes", "No") -> No | F99: Week 9 Milestone, Week 9 Test, Practice Quiz: Week 9, Week 9 Quiz
A100: Mike | B100: NA | C100: hellomechanics3@gmail.com | D100: 717232927 | E100: =IF(ISNUMBER(MATCH(C100, 'Paid and Interested'!C:C, 0)), "Yes", "No") -> No | F100: Week 9 Milestone, Week 9 Test, Practice Quiz: Week 9, Week 9 Quiz
A101: HENOK | B101: JR | C101: jrhenok52@gmail.com | D101: +251953962514 | E101: =IF(ISNUMBER(MATCH(C101, 'Paid and Interested'!C:C, 0)), "Yes", "No") -> No | F101: Week 9 Milestone, Week 9 Test, Practice Quiz: Week 9, Week 9 Quiz
A102: Mahir | B102: Ebrahim | C102: mahirebrahim21@gmail.com | D102: +251931311072 | E102: =IF(ISNUMBER(MATCH(C102, 'Paid and Interested'!C:C, 0)), "Yes", "No") -> No | F102: Week 9 Milestone, Week 9 Test, Practice Quiz: Week 9, Week 9 Quiz
A103: Emanda | B103: Aweke | C103: emandaawekee@gmail.com | D103: +251911660398 | E103: =IF(ISNUMBER(MATCH(C103, 'Paid and Interested'!C:C, 0)), "Yes", "No") -> No | F103: Week 9 Milestone, Week 9 Test, Practice Quiz: Week 9, Week 9 Quiz
A104: saimon | B104: taye | C104: yilfashewamekonnen@gmail.com | D104: +251920459750 | E104: =IF(ISNUMBER(MATCH(C104, 'Paid and Interested'!C:C, 0)), "Yes", "No") -> No | F104: Practice Quiz: Week 9, Week 9 Quiz, Week 9 Milestone, Week 9 Test
A105: Ezana | B105: Mesfin | C105: nitroman1375@gmail.com | D105: +251966925114 | E105: =IF(ISNUMBER(MATCH(C105, 'Paid and Interested'!C:C, 0)), "Yes", "No") -> No | F105: Week 9 Milestone, Week 9 Test, Practice Quiz: Week 9, Week 9 Quiz
A106: belay | B106: Zeleke | C106: belay6519@gmail.com | D106: +251952295180 | E106: =IF(ISNUMBER(MATCH(C106, 'Paid and Interested'!C:C, 0)), "Yes", "No") -> No | F106: Week 9 Milestone, Week 9 Test, Practice Quiz: Week 9, Week 9 Quiz
A107: Samuel | B107: Taye | C107: samueltaye126@gmail.com | D107: +251989975215 | E107: =IF(ISNUMBER(MATCH(C107, 'Paid and Interested'!C:C, 0)), "Yes", "No") -> No | F107: Week 9 Milestone, Week 9 Test, Practice Quiz: Week 9, Week 9 Quiz
A108: Rediet | B108: Abiyu | C108: r16282472@gmail.com | D108: +251912032619 | E108: =IF(ISNUMBER(MATCH(C108, 'Paid and Interested'!C:C, 0)), "Yes", "No") -> No | F108: Week 9 Milestone, Week 9 Test, Practice Quiz: Week 9, Week 9 Quiz
A109: Yassir | B109: Hamza | C109: yassirhamzab@gmail.com | D109: +251940181950 | E109: =IF(ISNUMBER(MATCH(C109, 'Paid and Interested'!C:C, 0)), "Yes", "No") -> No | F109: Practice Quiz: Week 9, Week 9 Quiz, Week 9 Milestone, Week 9 Test
A110: Firaol | B110: Lemessa | C110: rexkiya54@gmail.com | D110: +251989947869 | E110: =IF(ISNUMBER(MATCH(C110, 'Paid and Interested'!C:C, 0)), "Yes", "No") -> No | F110: Week 9 Milestone, Week 9 Test, Practice Quiz: Week 9, Week 9 Quiz
A111: Mussie | B111: Ashenafi | C111: mussieashenafi796@gmail.com | D111: +251933250134 | E111: =IF(ISNUMBER(MATCH(C111, 'Paid and Interested'!C:C, 0)), "Yes", "No") -> No | F111: Week 9 Milestone, Week 9 Test, Practice Quiz: Week 9, Week 9 Quiz
A112: Melkie | B112: W Dagnaw | C112: melkiewdagnaw@gmail.com | D112: +251910194192 | E112: =IF(ISNUMBER(MATCH(C112, 'Paid and Interested'!C:C, 0)), "Yes", "No") -> No | F112: Week 9 Milestone, Week 9 Test, Practice Quiz: Week 9, Week 9 Quiz
... A121: Adem | B121: Gemeda | C121: ademwabe3@gmail.com | D121: +251909567795 | E121: =IF(ISNUMBER(MATCH(C121, 'Paid and Interested'!C:C, 0)), "Yes", "No") -> No | F121: Week 9 Milestone, Week 9 Test, Practice Quiz: Week 9, Week 9 Quiz
A122: Ermias | B122: Melku | C122: ermiasmelku3400@gmail.com | D122: 910270723 | E122: =IF(ISNUMBER(MATCH(C122, 'Paid and Interested'!C:C, 0)), "Yes", "No") -> No | F122: Week 9 Milestone, Week 9 Test, Practice Quiz: Week 9, Week 9 Quiz
A123: Eden | B123: Hailu | C123: edenmikael12@gmail.com | D123: +251973285523 | E123: =IF(ISNUMBER(MATCH(C123, 'Paid and Interested'!C:C, 0)), "Yes", "No") -> No | F123: Week 9 Milestone, Week 9 Test, Practice Quiz: Week 9, Week 9 Quiz
A124: Nabon | B124: Kebede | C124: nabonelias@gmail.com | D124: +251910040920 | E124: =IF(ISNUMBER(MATCH(C124, 'Paid and Interested'!C:C, 0)), "Yes", "No") -> No | F124: Practice Quiz: Week 9, Week 9 Quiz, Week 9 Milestone, Week 9 Test
A125: Bezawit | B125: Habtamu | C125: bezahab10@gmail.com | D125: +251976359571 | E125: =IF(ISNUMBER(MATCH(C125, 'Paid and Interested'!C:C, 0)), "Yes", "No") -> No | F125: Practice Quiz: Week 9, Week 9 Quiz, Week 9 Milestone, Week 9 Test
A126: Tesfa | B126: Ephrem | C126: tesfaephrem8@gmail.com | D126: +251942571151 | E126: =IF(ISNUMBER(MATCH(C126, 'Paid and Interested'!C:C, 0)), "Yes", "No") -> No | F126: Week 9 Milestone, Week 9 Test, Practice Quiz: Week 9, Week 9 Quiz
...

Sheet All
A2: yoseph legesse | B2: abrha | C2: aregawiesayas@gmail.com | D2: +251996165586 | E2: Wrong Person
A3: ezana | B3: ketema | C3: ezanaketema22@gmail.com | D3: 251934432842 | E3: Reached
A4: Destaw Gisme | B4: Mulachew | C4: destawg@gmail.com | D4: +251918489684 | E4: Reached
A5: Bitew | B5: Ababayehu | C5: bict1626@gmail.com | D5: +251949625344 | E5: Reached
A6: Yitbarek | B6: Denbu | C6: yitbareksebsibe9@gmail.com | D6: 919410818 | E6: Reached
A7: Mubarek | B7: Hassen | C7: mubeman63@gmail.com | D7: +251965030079 | E7: Reached
A8: Muzeyfi | B8: Mahadi | C8: mmuzeyfi@gmail.com | D8: +251975284215 | E8: Reached
A9: Nebil | B9: Ahmed | C9: nebilnasir24@gmail.com | D9: +251994101121 | E9: Reached
A10: Siraj | B10: Hassen | C10: sifrajhassen@gmail.com | D10: +251984131188 | E10: Reached
A11: Addis | B11: Nigatu | C11: addishailu992@gmail.com | D11: +251945961714 | E11: Reached
A12: Biruk Abera | B12: Gebra | C12: birukaberagebra@gmail.com | D12: +251929346733 | E12: Reached
A13: Yohannis | B13: Million | C13: yohannismillion003@gmail.com | D13: +251994943497 | E13: Reached
A14: Habtamu | B14: Mune | C14: habtamu122124s@gmail.com | D14: +251939778240 | E14: Reached
A15: Ruth | B15: Getu | C15: rudygetu88@gmail.com | D15: +251944714263 | E15: Reached
A16: Gedion | B16: Kifle | C16: gedionkifle0@gmail.com | D16: +251961099526 | E16: Reached
A17: Meron | B17: Zelalem | C17: haymikebede3@gmail.com | D17: +251929259929 | E17: Reached
A18: Bemnet | B18: Engdashet | C18: bemnetengda45@gmail.com | D18: +251912206321 | E18: Reached
... A23: Gidyelem | B23: Kelecha | C23: shibugidyelem@gmail.com | D23: +251992524875 | E23: Reached
A24: Kirubel | B24: Hailu | C24: kirubel.seifu.great@gmail.com | D24: 909780413 | E24: Reached
A25: Naol | B25: Degol | C25: naolde812@gmail.com | D25: +251976029568 | E25: Reached
A26: Habiba | B26: Ashref | C26: ashrefhabiba08@gmail.com | D26: +251912382222 | E26: Reached
A27: Hakimiyas | B27: Yilma | C27: kemeshgale@gmail.com | D27: 911918308 | E27: Reached
A28: Mikiyas | B28: Muluneh | C28: mulumiki4@gmail.com | D28: +251927990402 | E28: Reached
A29: Kirubel | B29: Tesfaye | C29: tkirubel648@gmail.com | D29: +251939993088 | E29: Reached
A30: yohannes | B30: kebede | C30: yohaneskebedejo15@gmail.com | D30: +251935551413 | E30: Reached
A31: Intisar | B31: Shemsu | C31: intisarshemsu2017gmail.com@gmail.com | D31: +251975184414 | E31: Reached
A32: Yordanos | B32: Shemsedien | C32: yordanosshemsedin901@gmail.com | D32: +251901859818 | E32: Reached
A33: REDIET TILAHUN | B33: AYELE | C33: rediettilahun10@gmail.com | D33: +251911172398 | E33: Reached
A34: Mengistu | B34: Tegegne | C34: tegegnem83@gmail.com | D34: 919698237 | E34: Reached
A35: Blen | B35: Gebremariam | C35: bilublen20@gmail.com | D35: +251966888442 | E35: Reached
A36: Misganaw | B36: Yehuala | C36: asnakemisgana88@gmail.com | D36: +251913618893 | E36: Reached
A37: Hanan | B37: Kebede | C37: hananitakebede12@gmail.com | D37: +251946409290 | E37: Reached
A38: Werkineh Gebermichael | B38: Welde | C38: werkinehgmichael10@gmail.com | D38: +251903096549 | E38: Reached
A39: Getnet | B39: Demissie | C39: getnetmulugeta2000@gmail.com | D39: 964865694 | E39: Reached
A40: Dagmawi | B40: Tesfaye | C40: dagmawitesfaye1318@gmail.com | D40: +251919183460 | E40: Reached
A41: Leul | B41: Yonas | C41: lecrae12345678@gmail.com | D41: +251909121415 | E41: Reached
A42: Ruth | B42: Getachew | C42: ruthgetachew49@gmail.com | D42: +251946362757 | E42: Reached
A43: Kenesa | B43: Tesfaye | C43: travtube43@gmail.com | D43: +251977840440 | E43: Reached
A44: Eliyas | B44: Dejena | C44: eliyasdejena96@gmail.com | D44: +251991122060 | E44: Reached
A45: Kaleb | B45: berhane | C45: kalebberhane4@gmail.com | D45: +251940123511 | E45: Reached
A46: Yoseph | B46: Mekru | C46: yoseph.mekru@gmail.com | D46: +251960301014 | E46: Reached
A47: Tadilo | B47: Bekalu | C47: tadet027@gmail.com | D47: +251975176394 | E47: Reached
A48: Mesele | B48: Aschenaki | C48: meryemabob@hotmail.com | D48: +251967796341 | E48: Reached
A49: Fatuma | B49: Kedir | C49: fatikedir213@gmail.com | D49: +251968623781 | E49: Reached
A50: Abel | B50: Sitotaw | C50: abelsitotaw906@gmail.com | D50: 942105451 | E50: Reached
A51: Yohaans | B51: Hmaryam | C51: mansami1221@gmail.com | D51: +251911771459 | E51: Reached
A52: hana | B52: nguse | C52: hananguse5@gmail.com | D52: +251904504897 | E52: Reached
A53: Alem | B53: Alemayehu | C53: alemalemayehu1996@gmail.com | D53: +251907081948 | E53: Reached
A54: Yanet | B54: Demis | C54: astewaysolomon48@gmail.com | D54: +251937604126 | E54: Reached
A55: Soliyana | B55: Asmare | C55: solianaasmare45@gmail.com | D55: +251903508405 | E55: Reached
A56: Tola | B56: Oromia | C56: tolawestern27@gmail.com | D56: +251900595205 | E56: Reached
A57: Nahom | B57: Zeleke | C57: nahomzeleke5@gmail.com | D57: +251989033620 | E57: Reached
A58: abenezer | B58: Melsew | C58: abenezer.melsew@gmail.com | D58: +251913176044 | E58: Reached
A59: Tedilahun Tesfaye | B59: Wada | C59: tedilahuntesfaye65@gmail.com | D59: +251939716065 | E59: Reached
A60: Yihun | B60: Wondimagegn | C60: yihun.fiseha82@gmail.com | D60: +251913968528 | E60: Reached
A61: Ayantu | B61: Tariku | C61: ayantutariku22@gmail.com | D61: +251919473298 | E61: Reached
A62: Biniyam | B62: Mandefro | C62: biniman286@gmail.com | D62: +251979078288 | E62: Reached
A63: BERESA | B63: GAGE | C63: lberesa@gmail.com | D63: 251910930130 | E63: Reached
A64: Nardos | B64: Addis | C64: anardos841@gmail.com | D64: +251920345070 | E64: Reached
A65: Liul | B65: Eshetu | C65: shetululee@gmail.com | D65: +251923341644 | E65: Reached
A66: amanuel | B66: Ayalew | C66: amanueltesfaye544@gmail.com | D66: 942218249 | E66: Reached
A67: Ermias | B67: Gebeyehu | C67: demekegebeyehu5@gmail.com | D67: +251920256167 | E67: Reached
A68: Emran | B68: Mohammed | C68: emranmohammed723@gmail.com | D68: +251996865428 | E68: Reached
A69: Meresit | B69: Tadele | C69: meresit920@gmail.com | D69: +251942322331 | E69: Reached
A70: Anna | B70: Yaregal | C70: yaregalgetnet47@gmail.com | D70: +251974028889 | E70: Reached
A71: Titnawu Abebawu | B71: Abebe | C71: tihitinawabebaw2012@gmail.com | D71: +251941253366 | E71: Phone Not Working
A72: Mahider | B72: Ambiko | C72: mahiprofiambiko@gmail.com | D72: +251905117238 | E72: Phone Not Working
A73: Kedir | B73: Sherefa | C73: kedirfab1111@gmail.com | D73: +251930778945 | E73: Phone Not Working
A74: Ibrahim | B74: Aman | C74: ibrahimibate57@gmail.com | D74: +251988387640 | E74: Phone Not Working
A75: Feven Solomon | B75: Aragaw | C75: dagimyilma@gmail.com | D75: +251703172769 | E75: Phone Not Working
A76: Rediet | B76: Negash | C76: redhamikael@gmail.com | D76: +251942953765 | E76: Phone Not Working
A77: Sitra | B77: Yazew | C77: sitramasreshay@gmail.com | D77: +251973414100 | E77: Phone Not Working
A78: Beyan | B78: Abdela | C78: beyan7889@gmail.com | D78: +251949870596 | E78: Phone Not Working
... A81: Amen | B81: Getachew | C81: amengetachew040@gmail.com | D81: +251903757075 | E81: Phone Not Working
A82: Mercy | B82: Mk | C82: mercymk05@gmail.com | D82: 901140316 | E82: Phone Not Working
A83: Samuel | B83: Tewelde | C83: sm8878805@gmail.com | D83: +251994054292 | E83: Phone Not Working
A84: Yakin | B84: Getahun | C84: yakingetahun@gmail.com | D84: +251951514328 | E84: Phone Not Working
A85: Evana | B85: Ahmed | C85: evanaseid5@gmail.com | D85: +251970165478 | E85: Not Picking Up
A86: Senayit | B86: Aragaw | C86: 0934147689seni@gmail.com | D86: +251934147689 | E86: Not Picking Up
A87: Juhar | B87: Hussen | C87: juharhussen0591@gmail.com | D87: +251909202227 | E87: Not Picking Up
A88: Efrata | B88: Abayneh | C88: efratatewodros0@gmail.com | D88: +251904577470 | E88: Not Picking Up
A89: Lielena | B89: Mesfin | C89: lielnams2006@gmail.com | D89: +251974400747 | E89: Not Picking Up
A90: Seidu | B90: Zayede | C90: seiduzayede@gmail.com | D90: +251921795959 | E90: Not Picking Up
A91: Meron | B91: Tanjerina | C91: merontangu@gmail.com | D91: +251911135410 | E91: Not Picking Up
A92: kidist | B92: melkamu | C92: emuti271612@gmail.com | D92: +251065053695 | E92: Not Picking Up
A93: Dursa | B93: Aliye | C93: keydu55@gmail.com | D93: +251912756455 | E93: Not Picking Up
A94: Rabiya | B94: Rahmeto | C94: rabiyarahmeto2004@gmail.com | D94: +251947589276 | E94: Not Picking Up
... A97: ruth | B97: hailu | C97: ruthgemeda1998@gmail.com | D97: +251978014689 | E97: Not Picking Up

Sheet Tsedenia
A1: yoseph legesse | B1: abrha | C1: aregawiesayas@gmail.com | D1: +251996165586 | E1: =IF(ISNUMBER(MATCH(C1, 'Paid and Interested'!C:C, 0)), "Yes", "No") -> No | F1: Week 9 Milestone, Week 9 Test, Practice Quiz: Week 9, Week 9 Quiz | G1: Pathway | H1: Wrong Person
A2: ezana | B2: ketema | C2: ezanaketema22@gmail.com | D2: 251934432842 | E2: =IF(ISNUMBER(MATCH(C2, 'Paid and Interested'!C:C, 0)), "Yes", "No") -> No | F2: Practice Quiz: Week 9, Week 9 Quiz, Week 9 Milestone, Week 9 Test | G2: Pathway | H2: Reached | I2: he said okay
A3: Destaw Gisme | B3: Mulachew | C3: destawg@gmail.com | D3: +251918489684 | E3: =IF(ISNUMBER(MATCH(C3, 'Paid and Interested'!C:C, 0)), "Yes", "No") -> No | F3: Practice Quiz: Week 9, Week 9 Quiz, Week 9 Milestone, Week 9 Test | G3: Pathway | H3: Reached | I3: he said okay
A4: Bitew | B4: Ababayehu | C4: bict1626@gmail.com | D4: +251949625344 | E4: =IF(ISNUMBER(MATCH(C4, 'Paid and Interested'!C:C, 0)), "Yes", "No") -> No | F4: Week 9 Milestone, Week 9 Test, Practice Quiz: Week 9, Week 9 Quiz | G4: Pathway | H4: Reached | I4: he said okay
A5: Yitbarek | B5: Denbu | C5: yitbareksebsibe9@gmail.com | D5: 919410818 | E5: =IF(ISNUMBER(MATCH(C5, 'Paid and Interested'!C:C, 0)), "Yes", "No") -> No | F5: Week 9 Milestone, Week 9 Test, Practice Quiz: Week 9, Week 9 Quiz | G5: Pathway | H5: Reached | I5: he said okay
A6: Mubarek | B6: Hassen | C6: mubeman63@gmail.com | D6: +251965030079 | E6: =IF(ISNUMBER(MATCH(C6, 'Paid and Interested'!C:C, 0)), "Yes", "No") -> No | F6: Week 9 Milestone, Week 9 Test, Practice Quiz: Week 9, Week 9 Quiz | G6: Pathway | H6: Reached | I6: he has paused the course
A7: Muzeyfi | B7: Mahadi | C7: mmuzeyfi@gmail.com | D7: +251975284215 | E7: =IF(ISNUMBER(MATCH(C7, 'Paid and Interested'!C:C, 0)), "Yes", "No") -> No | F7: Week 9 Milestone, Week 9 Test, Practice Quiz: Week 9, Week 9 Quiz | G7: Pathway | H7: Reached | I7: he said okay
A8: Nebil | B8: Ahmed | C8: nebilnasir24@gmail.com | D8: +251994101121 | E8: =IF(ISNUMBER(MATCH(C8, 'Paid and Interested'!C:C, 0)), "Yes", "No") -> No | F8: Week 9 Milestone, Week 9 Test, Practice Quiz: Week 9, Week 9 Quiz | G8: Pathway | H8: Reached | I8: he said okay
A9: Siraj | B9: Hassen | C9: sifrajhassen@gmail.com | D9: +251984131188 | E9: =IF(ISNUMBER(MATCH(C9, 'Paid and Interested'!C:C, 0)), "Yes", "No") -> No | F9: Week 9 Milestone, Week 9 Test, Practice Quiz: Week 9, Week 9 Quiz | G9: Pathway | H9: Reached | I9: he is outside from Addis
A10: Addis | B10: Nigatu | C10: addishailu992@gmail.com | D10: +251945961714 | E10: =IF(ISNUMBER(MATCH(C10, 'Paid and Interested'!C:C, 0)), "Yes", "No") -> No | F10: Week 9 Milestone, Week 9 Test, Practice Quiz: Week 9, Week 9 Quiz | G10: Pathway | H10: Reached | I10: he said okay
A11: Biruk Abera | B11: Gebra | C11: birukaberagebra@gmail.com | D11: +251929346733 | E11: =IF(ISNUMBER(MATCH(C11, 'Paid and Interested'!C:C, 0)), "Yes", "No") -> No | F11: Practice Quiz: Week 9, Week 9 Quiz, Week 9 Milestone, Week 9 Test | G11: Pathway | H11: Reached | I11: he said okay
A12: Yohannis | B12: Million | C12: yohannismillion003@gmail.com | D12: +251994943497 | E12: =IF(ISNUMBER(MATCH(C12, 'Paid and Interested'!C:C, 0)), "Yes", "No") -> No | F12: Week 9 Milestone, Week 9 Test, Practice Quiz: Week 9, Week 9 Quiz | G12: Pathway | H12: Reached | I12: he's too busy to continue the course
A13: Habtamu | B13: Mune | C13: habtamu122124s@gmail.com | D13: +251939778240 | E13: =IF(ISNUMBER(MATCH(C13, 'Paid and Interested'!C:C, 0)), "Yes", "No") -> No | F13: Week 9 Milestone, Week 9 Test, Practice Quiz: Week 9, Week 9 Quiz | G13: Pathway | H13: Reached | I13: he's not intersted
A14: Ruth | B14: Getu | C14: rudygetu88@gmail.com | D14: +251944714263 | E14: =IF(ISNUMBER(MATCH(C14, 'Paid and Interested'!C:C, 0)), "Yes", "No") -> No | F14: Practice Quiz: Week 9, Week 9 Quiz, Week 9 Milestone, Week 9 Test | G14: Pathway | H14: Reached | I14: she's not interested
A15: Gedion | B15: Kifle | C15: gedionkifle0@gmail.com | D15: +251961099526 | E15: =IF(ISNUMBER(MATCH(C15, 'Paid and Interested'!C:C, 0)), "Yes", "No") -> No | F15: Week 9 Milestone, Week 9 Test, Practice Quiz: Week 9, Week 9 Quiz | G15: Pathway | H15: Reached | I15: he said okay
A16: Meron | B16: Zelalem | C16: haymikebede3@gmail.com | D16: +251929259929 | E16: =IF(ISNUMBER(MATCH(C16, 'Paid and Interested'!C:C, 0)), "Yes", "No") -> No | F16: Week 9 Milestone, Week 9 Test, Practice Quiz: Week 9, Week 9 Quiz | G16: Pathway | H16: Reached | I16: she said okay
A17: Bemnet | B17: Engdashet | C17: bemnetengda45@gmail.com | D17: +251912206321 | E17: =IF(ISNUMBER(MATCH(C17, 'Paid and Interested'!C:C, 0)), "Yes", "No") -> No | F17: Practice Quiz: Week 9, Week 9 Quiz, Week 9 Milestone, Week 9 Test | G17: Pathway | H17: Reached | I17: she isn't interested
... A22: Gidyelem | B22: Kelecha | C22: shibugidyelem@gmail.com | D22: +251992524875 | E22: =IF(ISNUMBER(MATCH(C22, 'Paid and Interested'!C:C, 0)), "Yes", "No") -> No | F22: Week 9 Milestone, Week 9 Test, Practice Quiz: Week 9, Week 9 Quiz | G22: Pathway | H22: Reached | I22: he's not interested
A23: Kirubel | B23: Hailu | C23: kirubel.seifu.great@gmail.com | D23: 909780413 | E23: =IF(ISNUMBER(MATCH(C23, 'Paid and Interested'!C:C, 0)), "Yes", "No") -> No | F23: Week 9 Milestone, Week 9 Test, Practice Quiz: Week 9, Week 9 Quiz | G23: Pathway | H23: Reached | I23: he said okay
A24: Naol | B24: Degol | C24: naolde812@gmail.com | D24: +251976029568 | E24: =IF(ISNUMBER(MATCH(C24, 'Paid and Interested'!C:C, 0)), "Yes", "No") -> No | F24: Week 9 Milestone, Week 9 Test, Practice Quiz: Week 9, Week 9 Quiz | G24: Pathway | H24: Reached | I24: he's not interested
A25: Habiba | B25: Ashref | C25: ashrefhabiba08@gmail.com | D25: +251912382222 | E25: =IF(ISNUMBER(MATCH(C25, 'Paid and Interested'!C:C, 0)), "Yes", "No") -> No | F25: Week 9 Milestone, Week 9 Test, Practice Quiz: Week 9, Week 9 Quiz | G25: Pathway | H25: Reached | I25: she wants to apply for the next cohort
A26: Hakimiyas | B26: Yilma | C26: kemeshgale@gmail.com | D26: 911918308 | E26: =IF(ISNUMBER(MATCH(C26, 'Paid and Interested'!C:C, 0)), "Yes", "No") -> No | F26: Practice Quiz: Week 9, Week 9 Quiz, Week 9 Milestone, Week 9 Test | G26: Pathway | H26: Reached | I26: he wants to apply for the next cohort
A27: Mikiyas | B27: Muluneh | C27: mulumiki4@gmail.com | D27: +251927990402 | E27: =IF(ISNUMBER(MATCH(C27, 'Paid and Interested'!C:C, 0)), "Yes", "No") -> No | F27: Week 9 Milestone, Week 9 Test, Practice Quiz: Week 9, Week 9 Quiz | G27: Pathway | H27: Reached | I27: he's not in Addis
A28: Kirubel | B28: Tesfaye | C28: tkirubel648@gmail.com | D28: +251939993088 | E28: =IF(ISNUMBER(MATCH(C28, 'Paid and Interested'!C:C, 0)), "Yes", "No") -> No | F28: Week 9 Milestone, Week 9 Test, Practice Quiz: Week 9, Week 9 Quiz | G28: Pathway | H28: Reached | I28: he wants to apply for the next cohort
A29: yohannes | B29: kebede | C29: yohaneskebedejo15@gmail.com | D29: +251935551413 | E29: =IF(ISNUMBER(MATCH(C29, 'Paid and Interested'!C:C, 0)), "Yes", "No") -> No | F29: Week 9 Milestone, Week 9 Test, Practice Quiz: Week 9, Week 9 Quiz | G29: Pathway | H29: Reached | I29: he's not in Addis
A30: Intisar | B30: Shemsu | C30: intisarshemsu2017gmail.com@gmail.com | D30: +251975184414 | E30: =IF(ISNUMBER(MATCH(C30, 'Paid and Interested'!C:C, 0)), "Yes", "No") -> No | F30: Week 9 Milestone, Week 9 Test, Practice Quiz: Week 9, Week 9 Quiz | G30: Pathway | H30: Reached | I30: she's not interested
A31: Yordanos | B31: Shemsedien | C31: yordanosshemsedin901@gmail.com | D31: +251901859818 | E31: =IF(ISNUMBER(MATCH(C31, 'Paid and Interested'!C:C, 0)), "Yes", "No") -> No | F31: Week 9 Milestone, Week 9 Test, Practice Quiz: Week 9, Week 9 Quiz | G31: Pathway | H31: Reached | I31: she's not in Addis
A32: REDIET TILAHUN | B32: AYELE | C32: rediettilahun10@gmail.com | D32: +251911172398 | E32: =IF(ISNUMBER(MATCH(C32, 'Paid and Interested'!C:C, 0)), "Yes", "No") -> No | F32: Week 9 Milestone, Week 9 Test, Practice Quiz: Week 9, Week 9 Quiz | G32: Pathway | H32: Reached | I32: he is too busy to continue the course
A33: Mengistu | B33: Tegegne | C33: tegegnem83@gmail.com | D33: 919698237 | E33: =IF(ISNUMBER(MATCH(C33, 'Paid and Interested'!C:C, 0)), "Yes", "No") -> No | F33: Week 9 Milestone, Week 9 Test, Practice Quiz: Week 9, Week 9 Quiz | G33: Pathway | H33: Reached | I33: he's not in Addis
A34: Blen | B34: Gebremariam | C34: bilublen20@gmail.com | D34: +251966888442 | E34: =IF(ISNUMBER(MATCH(C34, 'Paid and Interested'!C:C, 0)), "Yes", "No") -> No | F34: Week 9 Milestone, Week 9 Test, Practice Quiz: Week 9, Week 9 Quiz | G34: Pathway | H34: Reached | I34: she said okay
A35: Misganaw | B35: Yehuala | C35: asnakemisgana88@gmail.com | D35: +251913618893 | E35: =IF(ISNUMBER(MATCH(C35, 'Paid and Interested'!C:C, 0)), "Yes", "No") -> No | F35: Week 9 Milestone, Week 9 Test, Practice Quiz: Week 9, Week 9 Quiz | G35: Pathway | H35: Reached | I35: he will come to the hub
A36: Hanan | B36: Kebede | C36: hananitakebede12@gmail.com | D36: +251946409290 | E36: =IF(ISNUMBER(MATCH(C36, 'Paid and Interested'!C:C, 0)), "Yes", "No") -> No | F36: Week 9 Milestone, Week 9 Test, Practice Quiz: Week 9, Week 9 Quiz | G36: Pathway | H36: Reached | I36: email wasn't working
A37: Werkineh Gebermichael | B37: Welde | C37: werkinehgmichael10@gmail.com | D37: +251903096549 | E37: =IF(ISNUMBER(MATCH(C37, 'Paid and Interested'!C:C, 0)), "Yes", "No") -> No | F37: Week 9 Milestone, Week 9 Test, Practice Quiz: Week 9, Week 9 Quiz | G37: Pathway | H37: Reached | I37: he said okay
A38: Getnet | B38: Demissie | C38: getnetmulugeta2000@gmail.com | D38: 964865694 | E38: =IF(ISNUMBER(MATCH(C38, 'Paid and Interested'!C:C, 0)), "Yes", "No") -> No | F38: Week 9 Milestone, Week 9 Test, Practice Quiz: Week 9, Week 9 Quiz | G38: Pathway | H38: Reached | I38: he might finish the assignments
A39: Dagmawi | B39: Tesfaye | C39: dagmawitesfaye1318@gmail.com | D39: +251919183460 | E39: =IF(ISNUMBER(MATCH(C39, 'Paid and Interested'!C:C, 0)), "Yes", "No") -> No | F39: Week 9 Milestone, Week 9 Test, Practice Quiz: Week 9, Week 9 Quiz | G39: Pathway | H39: Reached | I39: he said okay
A40: Leul | B40: Yonas | C40: lecrae12345678@gmail.com | D40: +251909121415 | E40: =IF(ISNUMBER(MATCH(C40, 'Paid and Interested'!C:C, 0)), "Yes", "No") -> No | F40: Week 9 Milestone, Week 9 Test, Practice Quiz: Week 9, Week 9 Quiz | G40: Pathway | H40: Reached | I40: he's not interested
A41: Ruth | B41: Getachew | C41: ruthgetachew49@gmail.com | D41: +251946362757 | E41: =IF(ISNUMBER(MATCH(C41, 'Paid and Interested'!C:C, 0)), "Yes", "No") -> No | F41: Practice Quiz: Week 9, Week 9 Quiz, Week 9 Milestone, Week 9 Test | G41: Pathway | H41: Reached | I41: she's not in Addis
A42: Kenesa | B42: Tesfaye | C42: travtube43@gmail.com | D42: +251977840440 | E42: =IF(ISNUMBER(MATCH(C42, 'Paid and Interested'!C:C, 0)), "Yes", "No") -> No | F42: Week 9 Milestone, Week 9 Test, Practice Quiz: Week 9, Week 9 Quiz | G42: Pathway | H42: Reached | I42: he's not in Addis
A43: Eliyas | B43: Dejena | C43: eliyasdejena96@gmail.com | D43: +251991122060 | E43: =IF(ISNUMBER(MATCH(C43, 'Paid and Interested'!C:C, 0)), "Yes", "No") -> No | F43: Week 9 Milestone, Week 9 Test, Practice Quiz: Week 9, Week 9 Quiz | G43: Pathway | H43: Reached | I43: his email is not working
A44: Kaleb | B44: berhane | C44: kalebberhane4@gmail.com | D44: +251940123511 | E44: =IF(ISNUMBER(MATCH(C44, 'Paid and Interested'!C:C, 0)), "Yes", "No") -> No | F44: Week 9 Milestone, Week 9 Test, Practice Quiz: Week 9, Week 9 Quiz | G44: Pathway | H44: Reached | I44: he has paused the course
A45: Yoseph | B45: Mekru | C45: yoseph.mekru@gmail.com | D45: +251960301014 | E45: =IF(ISNUMBER(MATCH(C45, 'Paid and Interested'!C:C, 0)), "Yes", "No") -> No | F45: Practice Quiz: Week 9, Week 9 Quiz, Week 9 Milestone, Week 9 Test | G45: Pathway | H45: Reached | I45: he said okay
A46: Tadilo | B46: Bekalu | C46: tadet027@gmail.com | D46: +251975176394 | E46: =IF(ISNUMBER(MATCH(C46, 'Paid and Interested'!C:C, 0)), "Yes", "No") -> No | F46: Week 9 Milestone, Week 9 Test, Practice Quiz: Week 9, Week 9 Quiz | G46: Pathway | H46: Reached | I46: he said okay
A47: Mesele | B47: Aschenaki | C47: meryemabob@hotmail.com | D47: +251967796341 | E47: =IF(ISNUMBER(MATCH(C47, 'Paid and Interested'!C:C, 0)), "Yes", "No") -> No | F47: Week 9 Milestone, Week 9 Test, Practice Quiz: Week 9, Week 9 Quiz | G47: Pathway | H47: Reached | I47: he's not in Addis
A48: Fatuma | B48: Kedir | C48: fatikedir213@gmail.com | D48: +251968623781 | E48: =IF(ISNUMBER(MATCH(C48, 'Paid and Interested'!C:C, 0)), "Yes", "No") -> No | F48: Practice Quiz: Week 9, Week 9 Quiz, Week 9 Milestone, Week 9 Test | G48: Pathway | H48: Reached | I48: she wants to pause
A49: Abel | B49: Sitotaw | C49: abelsitotaw906@gmail.com | D49: 942105451 | E49: =IF(ISNUMBER(MATCH(C49, 'Paid and Interested'!C:C, 0)), "Yes", "No") -> No | F49: Week 9 Milestone, Week 9 Test, Practice Quiz: Week 9, Week 9 Quiz | G49: Pathway | H49: Reached | I49: unable to talk
A50: Yohaans | B50: Hmaryam | C50: mansami1221@gmail.com | D50: +251911771459 | E50: =IF(ISNUMBER(MATCH(C50, 'Paid and Interested'!C:C, 0)), "Yes", "No") -> No | F50: Week 9 Milestone, Week 9 Test, Practice Quiz: Week 9, Week 9 Quiz | G50: Pathway | H50: Reached | I50: he's not in Addis
A51: hana | B51: nguse | C51: hananguse5@gmail.com | D51: +251904504897 | E51: =IF(ISNUMBER(MATCH(C51, 'Paid and Interested'!C:C, 0)), "Yes", "No") -> No | F51: Practice Quiz: Week 9, Week 9 Quiz, Week 9 Milestone, Week 9 Test | G51: Pathway | H51: Reached | I51: she's not in Addis
A52: Alem | B52: Alemayehu | C52: alemalemayehu1996@gmail.com | D52: +251907081948 | E52: =IF(ISNUMBER(MATCH(C52, 'Paid and Interested'!C:C, 0)), "Yes", "No") -> No | F52: Practice Quiz: Week 9, Week 9 Quiz, Week 9 Milestone, Week 9 Test | G52: Pathway | H52: Reached | I52: he's not in Addis
A53: Yanet | B53: Demis | C53: astewaysolomon48@gmail.com | D53: +251937604126 | E53: =IF(ISNUMBER(MATCH(C53, 'Paid and Interested'!C:C, 0)), "Yes", "No") -> No | F53: Week 9 Milestone, Week 9 Test, Practice Quiz: Week 9, Week 9 Quiz | G53: Pathway | H53: Reached | I53: someone will pass the message
A54: Soliyana | B54: Asmare | C54: solianaasmare45@gmail.com | D54: +251903508405 | E54: =IF(ISNUMBER(MATCH(C54, 'Paid and Interested'!C:C, 0)), "Yes", "No") -> No | F54: Week 9 Milestone, Week 9 Test, Practice Quiz: Week 9, Week 9 Quiz | G54: Pathway | H54: Reached | I54: she wants to pause
A55: Tola | B55: Oromia | C55: tolawestern27@gmail.com | D55: +251900595205 | E55: =IF(ISNUMBER(MATCH(C55, 'Paid and Interested'!C:C, 0)), "Yes", "No") -> No | F55: Week 9 Milestone, Week 9 Test, Practice Quiz: Week 9, Week 9 Quiz | G55: Pathway | H55: Reached | I55: he mightapply for the next cohort
A56: Nahom | B56: Zeleke | C56: nahomzeleke5@gmail.com | D56: +251989033620 | E56: =IF(ISNUMBER(MATCH(C56, 'Paid and Interested'!C:C, 0)), "Yes", "No") -> No | F56: Week 9 Milestone, Week 9 Test, Practice Quiz: Week 9, Week 9 Quiz | G56: Pathway | H56: Reached | I56: he wants to apply for the next cohort
A57: abenezer | B57: Melsew | C57: abenezer.melsew@gmail.com | D57: +251913176044 | E57: =IF(ISNUMBER(MATCH(C57, 'Paid and Interested'!C:C, 0)), "Yes", "No") -> No | F57: Week 9 Milestone, Week 9 Test, Practice Quiz: Week 9, Week 9 Quiz | G57: Pathway | H57: Reached | I57: he might apply for the next cohort
A58: Tedilahun Tesfaye | B58: Wada | C58: tedilahuntesfaye65@gmail.com | D58: +251939716065 | E58: =IF(ISNUMBER(MATCH(C58, 'Paid and Interested'!C:C, 0)), "Yes", "No") -> No | F58: Week 9 Milestone, Week 9 Test, Practice Quiz: Week 9, Week 9 Quiz | G58: Pathway | H58: Reached | I58: he's not interested
A59: Yihun | B59: Wondimagegn | C59: yihun.fiseha82@gmail.com | D59: +251913968528 | E59: =IF(ISNUMBER(MATCH(C59, 'Paid and Interested'!C:C, 0)), "Yes", "No") -> No | F59: Week 9 Milestone, Week 9 Test, Practice Quiz: Week 9, Week 9 Quiz | G59: Pathway | H59: Reached | I59: he's not interested
A60: Ayantu | B60: Tariku | C60: ayantutariku22@gmail.com | D60: +251919473298 | E60: =IF(ISNUMBER(MATCH(C60, 'Paid and Interested'!C:C, 0)), "Yes", "No") -> No | F60: Week 9 Milestone, Week 9 Test, Practice Quiz: Week 9, Week 9 Quiz | G60: Pathway | H60: Reached | I60: no pc
A61: Biniyam | B61: Mandefro | C61: biniman286@gmail.com | D61: +251979078288 | E61: =IF(ISNUMBER(MATCH(C61, 'Paid and Interested'!C:C, 0)), "Yes", "No") -> No | F61: Week 9 Milestone, Week 9 Test, Practice Quiz: Week 9, Week 9 Quiz | G61: Pathway | H61: Reached | I61: he might apply for the next cohort
A62: BERESA | B62: GAGE | C62: lberesa@gmail.com | D62: 251910930130 | E62: =IF(ISNUMBER(MATCH(C62, 'Paid and Interested'!C:C, 0)), "Yes", "No") -> No | F62: Week 9 Milestone, Week 9 Test, Practice Quiz: Week 9, Week 9 Quiz | G62: Pathway | H62: Reached | I62: he said okay
A63: Nardos | B63: Addis | C63: anardos841@gmail.com | D63: +251920345070 | E63: =IF(ISNUMBER(MATCH(C63, 'Paid and Interested'!C:C, 0)), "Yes", "No") -> No | F63: Week 9 Milestone, Week 9 Test, Practice Quiz: Week 9, Week 9 Quiz | G63: Pathway | H63: Reached | I63: she's not in Addis
A64: Liul | B64: Eshetu | C64: shetululee@gmail.com | D64: +251923341644 | E64: =IF(ISNUMBER(MATCH(C64, 'Paid and Interested'!C:C, 0)), "Yes", "No") -> No | F64: Week 9 Milestone, Week 9 Test, Practice Quiz: Week 9, Week 9 Quiz | G64: Pathway | H64: Reached | I64: he might apply for the next cohort
A65: amanuel | B65: Ayalew | C65: amanueltesfaye544@gmail.com | D65: 942218249 | E65: =IF(ISNUMBER(MATCH(C65, 'Paid and Interested'!C:C, 0)), "Yes", "No") -> No | F65: Week 9 Milestone, Week 9 Test, Practice Quiz: Week 9, Week 9 Quiz | G65: Pathway | H65: Reached | I65: he's busy can;t continue the course
A66: Ermias | B66: Gebeyehu | C66: demekegebeyehu5@gmail.com | D66: +251920256167 | E66: =IF(ISNUMBER(MATCH(C66, 'Paid and Interested'!C:C, 0)), "Yes", "No") -> No | F66: Week 9 Milestone, Week 9 Test, Practice Quiz: Week 9, Week 9 Quiz | G66: Pathway | H66: Reached | I66: he wants to apply for the next cohort
A67: Emran | B67: Mohammed | C67: emranmohammed723@gmail.com | D67: +251996865428 | E67: =IF(ISNUMBER(MATCH(C67, 'Paid and Interested'!C:C, 0)), "Yes", "No") -> No | F67: Week 9 Milestone, Week 9 Test, Practice Quiz: Week 9, Week 9 Quiz | G67: Pathway | H67: Reached | I67: he said okay
A68: Meresit | B68: Tadele | C68: meresit920@gmail.com | D68: +251942322331 | E68: =IF(ISNUMBER(MATCH(C68, 'Paid and Interested'!C:C, 0)), "Yes", "No") -> No | F68: Practice Quiz: Week 9, Week 9 Quiz, Week 9 Milestone, Week 9 Test | G68: Pathway | H68: Reached | I68: she's not interested
A69: Anna | B69: Yaregal | C69: yaregalgetnet47@gmail.com | D69: +251974028889 | E69: =IF(ISNUMBER(MATCH(C69, 'Paid and Interested'!C:C, 0)), "Yes", "No") -> No | F69: Week 9 Milestone, Week 9 Test, Practice Quiz: Week 9, Week 9 Quiz | G69: Pathway | H69: Reached | I69: she might apply for the next cohort
A70: Titnawu Abebawu | B70: Abebe | C70: tihitinawabebaw2012@gmail.com | D70: +251941253366 | E70: =IF(ISNUMBER(MATCH(C70, 'Paid and Interested'!C:C, 0)), "Yes", "No") -> No | F70: Week 9 Milestone, Week 9 Test, Practice Quiz: Week 9, Week 9 Quiz | G70: Pathway | H70: Phone Not Working
A71: Mahider | B71: Ambiko | C71: mahiprofiambiko@gmail.com | D71: +251905117238 | E71: =IF(ISNUMBER(MATCH(C71, 'Paid and Interested'!C:C, 0)), "Yes", "No") -> No | F71: Week 9 Milestone, Week 9 Test, Practice Quiz: Week 9, Week 9 Quiz | G71: Pathway | H71: Phone Not Working
A72: Kedir | B72: Sherefa | C72: kedirfab1111@gmail.com | D72: +251930778945 | E72: =IF(ISNUMBER(MATCH(C72, 'Paid and Interested'!C:C, 0)), "Yes", "No") -> No | F72: Week 9 Milestone, Week 9 Test, Practice Quiz: Week 9, Week 9 Quiz | G72: Pathway | H72: Phone Not Working
A73: Ibrahim | B73: Aman | C73: ibrahimibate57@gmail.com | D73: +251988387640 | E73: =IF(ISNUMBER(MATCH(C73, 'Paid and Interested'!C:C, 0)), "Yes", "No") -> No | F73: Week 9 Milestone, Week 9 Test, Practice Quiz: Week 9, Week 9 Quiz | G73: Pathway | H73: Phone Not Working
A74: Feven Solomon | B74: Aragaw | C74: dagimyilma@gmail.com | D74: +251703172769 | E74: =IF(ISNUMBER(MATCH(C74, 'Paid and Interested'!C:C, 0)), "Yes", "No") -> No | F74: Week 9 Milestone, Week 9 Test, Practice Quiz: Week 9, Week 9 Quiz | G74: Pathway | H74: Phone Not Working
A75: Rediet | B75: Negash | C75: redhamikael@gmail.com | D75: +251942953765 | E75: =IF(ISNUMBER(MATCH(C75, 'Paid and Interested'!C:C, 0)), "Yes", "No") -> No | F75: Week 9 Milestone, Week 9 Test, Practice Quiz: Week 9, Week 9 Quiz | G75: Pathway | H75: Phone Not Working
A76: Sitra | B76: Yazew | C76: sitramasreshay@gmail.com | D76: +251973414100 | E76: =IF(ISNUMBER(MATCH(C76, 'Paid and Interested'!C:C, 0)), "Yes", "No") -> No | F76: Week 9 Milestone, Week 9 Test, Practice Quiz: Week 9, Week 9 Quiz | G76: Pathway | H76: Phone Not Working
A77: Beyan | B77: Abdela | C77: beyan7889@gmail.com | D77: +251949870596 | E77: =IF(ISNUMBER(MATCH(C77, 'Paid and Interested'!C:C, 0)), "Yes", "No") -> No | F77: Week 9 Milestone, Week 9 Test, Practice Quiz: Week 9, Week 9 Quiz | G77: Pathway | H77: Phone Not Working
A78: Yosef | B78: Tadesse | C78: twistingjob@gmail.com | D78: +251964607772 | E78: =IF(ISNUMBER(MATCH(C78, 'Paid and Interested'!C:C, 0)), "Yes", "No") -> No | F78: Week 9 Milestone, Week 9 Test, Practice Quiz: Week 9, Week 9 Quiz | G78: Pathway | H78: Phone Not Working
A79: Christian | B79: Dessalegn | C79: erenchristian717@gmail.com | D79: +251911879949 | E79: =IF(ISNUMBER(MATCH(C79, 'Paid and Interested'!C:C, 0)), "Yes", "No") -> No | F79: Week 9 Milestone, Week 9 Test, Practice Quiz: Week 9, Week 9 Quiz | G79: Pathway | H79: Phone Not Working
A80: Amen | B80: Getachew | C80: amengetachew040@gmail.com | D80: +251903757075 | E80: =IF(ISNUMBER(MATCH(C80, 'Paid and Interested'!C:C, 0)), "Yes", "No") -> No | F80: Week 9 Milestone, Week 9 Test, Practice Quiz: Week 9, Week 9 Quiz | G80: Pathway | H80: Phone Not Working
A81: Mercy | B81: Mk | C81: mercymk05@gmail.com | D81: 901140316 | E81: =IF(ISNUMBER(MATCH(C81, 'Paid and Interested'!C:C, 0)), "Yes", "No") -> No | F81: Week 9 Milestone, Week 9 Test, Practice Quiz: Week 9, Week 9 Quiz | G81: Pathway | H81: Phone Not Working
A82: Samuel | B82: Tewelde | C82: sm8878805@gmail.com | D82: +251994054292 | E82: =IF(ISNUMBER(MATCH(C82, 'Paid and Interested'!C:C, 0)), "Yes", "No") -> No | F82: Week 9 Milestone, Week 9 Test, Practice Quiz: Week 9, Week 9 Quiz | G82: Pathway | H82: Phone Not Working
A83: Yakin | B83: Getahun | C83: yakingetahun@gmail.com | D83: +251951514328 | E83: =IF(ISNUMBER(MATCH(C83, 'Paid and Interested'!C:C, 0)), "Yes", "No") -> No | F83: Week 9 Milestone, Week 9 Test, Practice Quiz: Week 9, Week 9 Quiz | G83: Pathway | H83: Phone Not Working
A84: Evana | B84: Ahmed | C84: evanaseid5@gmail.com | D84: +251970165478 | E84: =IF(ISNUMBER(MATCH(C84, 'Paid and Interested'!C:C, 0)), "Yes", "No") -> No | F84: Practice Quiz: Week 9, Week 9 Quiz, Week 9 Milestone, Week 9 Test | G84: Pathway | H84: Not Picking Up
A85: Senayit | B85: Aragaw | C85: 0934147689seni@gmail.com | D85: +251934147689 | E85: =IF(ISNUMBER(MATCH(C85, 'Paid and Interested'!C:C, 0)), "Yes", "No") -> No | F85: Week 9 Milestone, Week 9 Test, Practice Quiz: Week 9, Week 9 Quiz | G85: Pathway | H85: Not Picking Up
A86: Juhar | B86: Hussen | C86: juharhussen0591@gmail.com | D86: +251909202227 | E86: =IF(ISNUMBER(MATCH(C86, 'Paid and Interested'!C:C, 0)), "Yes", "No") -> No | F86: Practice Quiz: Week 9, Week 9 Quiz, Week 9 Milestone, Week 9 Test | G86: Pathway | H86: Not Picking Up
A87: Efrata | B87: Abayneh | C87: efratatewodros0@gmail.com | D87: +251904577470 | E87: =IF(ISNUMBER(MATCH(C87, 'Paid and Interested'!C:C, 0)), "Yes", "No") -> No | F87: Week 9 Milestone, Week 9 Test, Practice Quiz: Week 9, Week 9 Quiz | G87: Pathway | H87: Not Picking Up
A88: Lielena | B88: Mesfin | C88: lielnams2006@gmail.com | D88: +251974400747 | E88: =IF(ISNUMBER(MATCH(C88, 'Paid and Interested'!C:C, 0)), "Yes", "No") -> No | F88: Week 9 Milestone, Week 9 Test, Practice Quiz: Week 9, Week 9 Quiz | G88: Pathway | H88: Not Picking Up
A89: Seidu | B89: Zayede | C89: seiduzayede@gmail.com | D89: +251921795959 | E89: =IF(ISNUMBER(MATCH(C89, 'Paid and Interested'!C:C, 0)), "Yes", "No") -> No | F89: Week 9 Milestone, Week 9 Test, Practice Quiz: Week 9, Week 9 Quiz | G89: Pathway | H89: Not Picking Up
A90: Meron | B90: Tanjerina | C90: merontangu@gmail.com | D90: +251911135410 | E90: =IF(ISNUMBER(MATCH(C90, 'Paid and Interested'!C:C, 0)), "Yes", "No") -> No | F90: Week 9 Milestone, Week 9 Test, Practice Quiz: Week 9, Week 9 Quiz | G90: Pathway | H90: Not Picking Up
A91: kidist | B91: melkamu | C91: emuti271612@gmail.com | D91: +251065053695 | E91: =IF(ISNUMBER(MATCH(C91, 'Paid and Interested'!C:C, 0)), "Yes", "No") -> No | F91: Week 9 Milestone, Week 9 Test, Practice Quiz: Week 9, Week 9 Quiz | G91: Pathway | H91: Not Picking Up
A92: Dursa | B92: Aliye | C92: keydu55@gmail.com | D92: +251912756455 | E92: =IF(ISNUMBER(MATCH(C92, 'Paid and Interested'!C:C, 0)), "Yes", "No") -> No | F92: Week 9 Milestone, Week 9 Test, Practice Quiz: Week 9, Week 9 Quiz | G92: Pathway | H92: Not Picking Up
A93: Rabiya | B93: Rahmeto | C93: rabiyarahmeto2004@gmail.com | D93: +251947589276 | E93: =IF(ISNUMBER(MATCH(C93, 'Paid and Interested'!C:C, 0)), "Yes", "No") -> No | F93: Week 9 Milestone, Week 9 Test, Practice Quiz: Week 9, Week 9 Quiz | G93: Pathway | H93: Not Picking Up
... A96: ruth | B96: hailu | C96: ruthgemeda1998@gmail.com | D96: +251978014689 | E96: =IF(ISNUMBER(MATCH(C96, 'Paid and Interested'!C:C, 0)), "Yes", "No") -> No | F96: Practice Quiz: Week 9, Week 9 Quiz, Week 9 Milestone, Week 9 Test | G96: Pathway | H96: Not Picking Up

Sheet Yosef
A1: First name | B1: Last name | C1: Email | D1: Contact phone | E1: Is Paid and Interested? | F1: Missing Assignments | G1: Catagory | H1: Call Status | I1: Comment
A2: Ezana | B2: Mesfin | C2: nitroman1375@gmail.com | D2: +251966925114 | E2: =IF(ISNUMBER(MATCH(C2, 'Paid and Interested'!C:C, 0)), "Yes", "No") -> No | F2: Week 9 Milestone, Week 9 Test, Practice Quiz: Week 9, Week 9 Quiz | G2: Pathway | H2: Wrong Person
A3: HENOK | B3: JR | C3: jrhenok52@gmail.com | D3: +251953962514 | E3: =IF(ISNUMBER(MATCH(C3, 'Paid and Interested'!C:C, 0)), "Yes", "No") -> No | F3: Week 9 Milestone, Week 9 Test, Practice Quiz: Week 9, Week 9 Quiz | G3: Pathway | H3: Reached | I3: busy sceduled and cant submit
A4: Emanda | B4: Aweke | C4: emandaawekee@gmail.com | D4: +251911660398 | E4: =IF(ISNUMBER(MATCH(C4, 'Paid and Interested'!C:C, 0)), "Yes", "No") -> No | F4: Week 9 Milestone, Week 9 Test, Practice Quiz: Week 9, Week 9 Quiz | G4: Pathway | H4: Reached | I4: she will
A5: saimon | B5: taye | C5: yilfashewamekonnen@gmail.com | D5: +251920459750 | E5: =IF(ISNUMBER(MATCH(C5, 'Paid and Interested'!C:C, 0)), "Yes", "No") -> No | F5: Practice Quiz: Week 9, Week 9 Quiz, Week 9 Milestone, Week 9 Test | G5: Pathway | H5: Reached | I5: he is not in adiss and cant submit
A6: belay | B6: Zeleke | C6: belay6519@gmail.com | D6: +251952295180 | E6: =IF(ISNUMBER(MATCH(C6, 'Paid and Interested'!C:C, 0)), "Yes", "No") -> No | F6: Week 9 Milestone, Week 9 Test, Practice Quiz: Week 9, Week 9 Quiz | G6: Pathway | H6: Reached | I6: he is not interested
A7: Samuel | B7: Taye | C7: samueltaye126@gmail.com | D7: +251989975215 | E7: =IF(ISNUMBER(MATCH(C7, 'Paid and Interested'!C:C, 0)), "Yes", "No") -> No | F7: Week 9 Milestone, Week 9 Test, Practice Quiz: Week 9, Week 9 Quiz | G7: Pathway | H7: Reached | I7: he is not interested
A8: Yassir | B8: Hamza | C8: yassirhamzab@gmail.com | D8: +251940181950 | E8: =IF(ISNUMBER(MATCH(C8, 'Paid and Interested'!C:C, 0)), "Yes", "No") -> No | F8: Practice Quiz: Week 9, Week 9 Quiz, Week 9 Milestone, Week 9 Test | G8: Pathway | H8: Reached | I8: he is not interested
A9: lealem | B9: birhanu | C9: lealembirhanu1998@gmail.com | D9: +251996861688 | E9: =IF(ISNUMBER(MATCH(C9, 'Paid and Interested'!C:C, 0)), "Yes", "No") -> No | F9: Week 9 Milestone, Week 9 Test, Practice Quiz: Week 9, Week 9 Quiz | G9: Pathway | H9: Reached | I9: she will call back
A10: Noah | B10: Doju | C10: noahdoju@gmail.com | D10: +251942319040 | E10: =IF(ISNUMBER(MATCH(C10, 'Paid and Interested'!C:C, 0)), "Yes", "No") -> No | F10: Week 9 Milestone, Week 9 Test, Practice Quiz: Week 9, Week 9 Quiz | G10: Pathway | H10: Reached | I10: he cant couse he not in adiss
A11: Yeabsira Kayel | B11: Wube | C11: yeabkalkayel@gmail.com | D11: +251988397119 | E11: =IF(ISNUMBER(MATCH(C11, 'Paid and Interested'!C:C, 0)), "Yes", "No") -> No | F11: Week 9 Milestone, Week 9 Test, Practice Quiz: Week 9, Week 9 Quiz | G11: Pathway | H11: Reached | I11: he needs the program for next chort
A12: Roza | B12: Demisew | C12: rozademisew3@gmail.com | D12: +251912676385 | E12: =IF(ISNUMBER(MATCH(C12, 'Paid and Interested'!C:C, 0)), "Yes", "No") -> No | F12: Week 9 Milestone, Week 9 Test, Practice Quiz: Week 9, Week 9 Quiz | G12: Pathway | H12: Reached | I12: busy sceduled so she cant continue
A13: Filimon | B13: Tadewos | C13: manfili330@gmail.com | D13: +251965802255 | E13: =IF(ISNUMBER(MATCH(C13, 'Paid and Interested'!C:C, 0)), "Yes", "No") -> No | F13: Week 9 Milestone, Week 9 Test, Practice Quiz: Week 9, Week 9 Quiz | G13: Pathway | H13: Reached | I13: he will
A14: Besufkad | B14: Tadesse | C14: tsbese101@gmail.com | D14: +251984006778 | E14: =IF(ISNUMBER(MATCH(C14, 'Paid and Interested'!C:C, 0)), "Yes", "No") -> No | F14: Week 9 Milestone, Week 9 Test, Practice Quiz: Week 9, Week 9 Quiz | G14: Pathway | H14: Reached | I14: busy sceduled so he cant continue
... A24: Huda | B24: Abdullah | C24: ha7125416@gmail.com | D24: +251936267829 | E24: =IF(ISNUMBER(MATCH(C24, 'Paid and Interested'!C:C, 0)), "Yes", "No") -> No | F24: Practice Quiz: Week 9, Week 9 Quiz, Week 9 Milestone, Week 9 Test | G24: Pathway | H24: Reached | I24: busy sceduled and cant continue
A25: Yonatan | B25: Menase | C25: yonatan.menase@gmail.com | D25: 983885611 | E25: =IF(ISNUMBER(MATCH(C25, 'Paid and Interested'!C:C, 0)), "Yes", "No") -> No | F25: Practice Quiz: Week 9, Week 9 Quiz, Week 9 Milestone, Week 9 Test | G25: Pathway | H25: Reached | I25: busy sceduled and cant continue
A26: Yetemegnehuat | B26: Ejara | C26: yetm2017@gmail.com | D26: +251935034873 | E26: =IF(ISNUMBER(MATCH(C26, 'Paid and Interested'!C:C, 0)), "Yes", "No") -> No | F26: Week 9 Milestone, Week 9 Test, Practice Quiz: Week 9, Week 9 Quiz | G26: Pathway | H26: Reached | I26: not in adiss
A27: Wintana | B27: Dereje | C27: doriasu315@gmail.com | D27: +251937920670 | E27: =IF(ISNUMBER(MATCH(C27, 'Paid and Interested'!C:C, 0)), "Yes", "No") -> No | F27: Practice Quiz: Week 9, Week 9 Quiz, Week 9 Milestone, Week 9 Test | G27: Pathway | H27: Reached | I27: busy sceduled so cant continue
A28: NOBEL | B28: MUSSIE | C28: novamgt21@gmail.com | D28: +251906020763 | E28: =IF(ISNUMBER(MATCH(C28, 'Paid and Interested'!C:C, 0)), "Yes", "No") -> No | F28: Week 9 Milestone, Week 9 Test, Practice Quiz: Week 9, Week 9 Quiz | G28: Pathway | H28: Reached | I28: they will pass the message
A29: Wengel | B29: Awit | C29: wengela89@gmail.com | D29: +251964466466 | E29: =IF(ISNUMBER(MATCH(C29, 'Paid and Interested'!C:C, 0)), "Yes", "No") -> No | F29: Week 9 Milestone, Week 9 Test, Practice Quiz: Week 9, Week 9 Quiz | G29: Pathway | H29: Reached | I29: she not in adiss
A30: Warobe | B30: Girma | C30: warobewawa@gmail.com | D30: +251936506850 | E30: =IF(ISNUMBER(MATCH(C30, 'Paid and Interested'!C:C, 0)), "Yes", "No") -> No | F30: Week 9 Milestone, Week 9 Test, Practice Quiz: Week 9, Week 9 Quiz | G30: Pathway | H30: Reached | I30: not in adiss
A31: NATNAEL | B31: TILAHUN | C31: nman44183@gmail.com | D31: +251901095333 | E31: =IF(ISNUMBER(MATCH(C31, 'Paid and Interested'!C:C, 0)), "Yes", "No") -> No | F31: Week 9 Milestone | G31: Pathway | H31: Reached | I31: he will
A32: Amen | B32: Wakjira | C32: amenwakjirab@gmail.com | D32: she will | E32: =IF(ISNUMBER(MATCH(C32, 'Paid and Interested'!C:C, 0)), "Yes", "No") -> No | F32: Week 9 Milestone, Week 9 Test, Practice Quiz: Week 9, Week 9 Quiz | G32: Pathway | H32: Reached
A33: Lamrot | B33: Zeyede | C33: lamrotzed@gmail.com | D33: +251902477012 | E33: =IF(ISNUMBER(MATCH(C33, 'Paid and Interested'!C:C, 0)), "Yes", "No") -> No | F33: Week 9 Milestone, Week 9 Test, Practice Quiz: Week 9, Week 9 Quiz | G33: Pathway | H33: Reached | I33: busy sceduled so can continue
A34: Nahusenay Gebreslasie | B34: Bzuayene | C34: nahusenay.bzuayene@gmail.com | D34: +251928748783 | E34: =IF(ISNUMBER(MATCH(C34, 'Paid and Interested'!C:C, 0)), "Yes", "No") -> No | F34: Week 9 Milestone, Week 9 Test, Practice Quiz: Week 9, Week 9 Quiz | G34: Pathway | H34: Reached | I34: busy sceduled so can continue
A35: Dagim | B35: Kindu | C35: dagimkindu2t@gmail.com | D35: +251960836912 | E35: =IF(ISNUMBER(MATCH(C35, 'Paid and Interested'!C:C, 0)), "Yes", "No") -> No | F35: Practice Quiz: Week 9, Week 9 Quiz, Week 9 Milestone, Week 9 Test | G35: Pathway | H35: Reached | I35: busy sceduled so can continue
A36: Dagimawi | B36: Geberesillasie | C36: mandagi588@gmail.com | D36: +251943133459 | E36: =IF(ISNUMBER(MATCH(C36, 'Paid and Interested'!C:C, 0)), "Yes", "No") -> No | F36: Practice Quiz: Week 9, Week 9 Quiz, Week 9 Milestone | G36: Pathway | H36: Reached | I36: he will
A37: Dagmawi | B37: Tewodros | C37: yimegnutalasefa@gmail.com | D37: 960306801 | E37: =IF(ISNUMBER(MATCH(C37, 'Paid and Interested'!C:C, 0)), "Yes", "No") -> No | F37: Practice Quiz: Week 9, Week 9 Quiz, Week 9 Milestone | G37: Pathway | H37: Reached | I37: he will
A38: Ephrem | B38: Gobezie | C38: ephigo123@gmail.com | D38: +251918731166 | E38: =IF(ISNUMBER(MATCH(C38, 'Paid and Interested'!C:C, 0)), "Yes", "No") -> No | F38: Practice Quiz: Week 9, Week 9 Quiz, Week 9 Milestone, Week 9 Test | G38: Pathway | H38: Reached | I38: he will
A39: Rafat | B39: Kedir | C39: rafatk2021@gmail.com | D39: +251911470399 | E39: =IF(ISNUMBER(MATCH(C39, 'Paid and Interested'!C:C, 0)), "Yes", "No") -> No | F39: Practice Quiz: Week 9, Week 9 Quiz, Week 9 Milestone, Week 9 Test | G39: Pathway | H39: Reached | I39: he will
A40: Feruz | B40: Nesru | C40: seraphinadada@gmail.com | D40: +251910072535 | E40: =IF(ISNUMBER(MATCH(C40, 'Paid and Interested'!C:C, 0)), "Yes", "No") -> No | F40: Practice Quiz: Week 9, Week 9 Quiz, Week 9 Milestone, Week 9 Test | G40: Pathway | H40: Reached | I40: she will
A41: Ashenafi | B41: Asfaw | C41: asfawashenafi1371@gmail.com | D41: +251930755525 | E41: =IF(ISNUMBER(MATCH(C41, 'Paid and Interested'!C:C, 0)), "Yes", "No") -> No | F41: Week 9 Quiz, Week 9 Milestone, Week 9 Test | G41: Pathway | H41: Reached | I41: he will
A42: Metasebia | B42: Tilahun | C42: metasebiatilahun726@gmail.com | D42: +251947811321 | E42: =IF(ISNUMBER(MATCH(C42, 'Paid and Interested'!C:C, 0)), "Yes", "No") -> No | F42: Practice Quiz: Week 9, Week 9 Quiz, Week 9 Milestone, Week 9 Test | G42: Pathway | H42: Reached | I42: she will
A43: Abraham Mulugeta | B43: Adebash | C43: zeabrahammulugeta@gmail.com | D43: +251918968852 | E43: =IF(ISNUMBER(MATCH(C43, 'Paid and Interested'!C:C, 0)), "Yes", "No") -> No | F43: Week 9 Milestone, Week 9 Test | G43: Pathway | H43: Reached | I43: he will
A44: Lidya | B44: Nahom | C44: lidyanahom04@gmail.com | D44: +251961097887 | E44: =IF(ISNUMBER(MATCH(C44, 'Paid and Interested'!C:C, 0)), "Yes", "No") -> No | F44: Practice Quiz: Week 9, Week 9 Quiz, Week 9 Milestone, Week 9 Test | G44: Pathway | H44: Reached | I44: she will
A45: Lidiya | B45: Endale | C45: gracelidiya56@gmail.com | D45: +251712271351 | E45: =IF(ISNUMBER(MATCH(C45, 'Paid and Interested'!C:C, 0)), "Yes", "No") -> No | F45: Practice Quiz: Week 9, Week 9 Quiz, Week 9 Milestone, Week 9 Test | G45: Pathway | H45: Reached | I45: she will
A46: Ermias | B46: Mehreteab | C46: ermercy338@gmail.com | D46: +251973794050 | E46: =IF(ISNUMBER(MATCH(C46, 'Paid and Interested'!C:C, 0)), "Yes", "No") -> No | F46: Practice Quiz: Week 9, Week 9 Quiz, Week 9 Milestone, Week 9 Test | G46: Pathway | H46: Reached | I46: he will
A47: Tsion | B47: Gidey | C47: tsigiday42@gmail.com | D47: +251984659692 | E47: =IF(ISNUMBER(MATCH(C47, 'Paid and Interested'!C:C, 0)), "Yes", "No") -> No | F47: Practice Quiz: Week 9, Week 9 Quiz, Week 9 Milestone, Week 9 Test | G47: Pathway | H47: Reached | I47: Already done
A48: Ekram | B48: Gashaw | C48: ekramgashaw1@gmail.com | D48: +251908022125 | E48: =IF(ISNUMBER(MATCH(C48, 'Paid and Interested'!C:C, 0)), "Yes", "No") -> No | F48: Week 9 Quiz, Week 9 Milestone | G48: Pathway | H48: Reached | I48: she will
A49: Kibru | B49: Gebregeorgis | C49: kibrutsadik@gmail.com | D49: +251917266440 | E49: =IF(ISNUMBER(MATCH(C49, 'Paid and Interested'!C:C, 0)), "Yes", "No") -> No | F49: Practice Quiz: Week 9, Week 9 Quiz, Week 9 Milestone | G49: Pathway | H49: Reached | I49: he will
... A65: samrawit | B65: tekalegn | C65: kjrzt6827@gmail.com | D65: +251975153406 | E65: =IF(ISNUMBER(MATCH(C65, 'Paid and Interested'!C:C, 0)), "Yes", "No") -> No | F65: Practice Quiz: Week 9, Week 9 Quiz, Week 9 Milestone, Week 9 Test | G65: Pathway | H65: Reached | I65: wanted to take next cohourt
A66: Bereket | B66: GebreGiorgis | C66: berketket@gmail.com | D66: 920629275 | E66: =IF(ISNUMBER(MATCH(C66, 'Paid and Interested'!C:C, 0)), "Yes", "No") -> No | F66: Practice Quiz: Week 9, Week 9 Quiz, Week 9 Milestone, Week 9 Test | G66: Pathway | H66: Reached | I66: he will
A67: Bilen | B67: Wondesen | C67: wondesenbilen@gmail.com | D67: +251933186933 | E67: =IF(ISNUMBER(MATCH(C67, 'Paid and Interested'!C:C, 0)), "Yes", "No") -> No | F67: Practice Quiz: Week 9, Week 9 Quiz, Week 9 Milestone, Week 9 Test | G67: Pathway | H67: Reached | I67: wanted to take next cohourt
A68: Bezawit | B68: Habtamu | C68: bezahab10@gmail.com | D68: +251976359571 | E68: =IF(ISNUMBER(MATCH(C68, 'Paid and Interested'!C:C, 0)), "Yes", "No") -> No | F68: Practice Quiz: Week 9, Week 9 Quiz, Week 9 Milestone, Week 9 Test | G68: Pathway | H68: Reached | I68: wanted to take next cohourt
A69: Roman | B69: Andualem | C69: mengestaroman@gmail.com | D69: +251919184599 | E69: =IF(ISNUMBER(MATCH(C69, 'Paid and Interested'!C:C, 0)), "Yes", "No") -> No | F69: Practice Quiz: Week 9, Week 9 Quiz, Week 9 Milestone, Week 9 Test | G69: Pathway | H69: Reached | I69: she will
A70: Mahir | B70: Ebrahim | C70: mahirebrahim21@gmail.com | D70: +251931311072 | E70: =IF(ISNUMBER(MATCH(C70, 'Paid and Interested'!C:C, 0)), "Yes", "No") -> No | F70: Week 9 Milestone, Week 9 Test, Practice Quiz: Week 9, Week 9 Quiz | G70: Pathway | H70: Phone Not Working
A71: Firaol | B71: Lemessa | C71: rexkiya54@gmail.com | D71: +251989947869 | E71: =IF(ISNUMBER(MATCH(C71, 'Paid and Interested'!C:C, 0)), "Yes", "No") -> No | F71: Week 9 Milestone, Week 9 Test, Practice Quiz: Week 9, Week 9 Quiz | G71: Pathway | H71: Phone Not Working
A72: Abrham | B72: Tadesse | C72: abrhamtesfaye191@gmail.com | D72: +251940286986 | E72: =IF(ISNUMBER(MATCH(C72, 'Paid and Interested'!C:C, 0)), "Yes", "No") -> No | F72: Week 9 Milestone, Week 9 Test, Practice Quiz: Week 9, Week 9 Quiz | G72: Pathway | H72: Phone Not Working
A73: Adem | B73: Gemeda | C73: ademwabe3@gmail.com | D73: +251909567795 | E73: =IF(ISNUMBER(MATCH(C73, 'Paid and Interested'!C:C, 0)), "Yes", "No") -> No | F73: Week 9 Milestone, Week 9 Test, Practice Quiz: Week 9, Week 9 Quiz | G73: Pathway | H73: Phone Not Working
A74: Ermias | B74: Melku | C74: ermiasmelku3400@gmail.com | D74: 910270723 | E74: =IF(ISNUMBER(MATCH(C74, 'Paid and Interested'!C:C, 0)), "Yes", "No") -> No | F74: Week 9 Milestone, Week 9 Test, Practice Quiz: Week 9, Week 9 Quiz | G74: Pathway | H74: Phone Not Working
A75: Rediat | B75: Waketola | C75: rediatwaketola@gmail.com | D75: +251936830929 | E75: =IF(ISNUMBER(MATCH(C75, 'Paid and Interested'!C:C, 0)), "Yes", "No") -> No | F75: Practice Quiz: Week 9, Week 9 Quiz | G75: Pathway | H75: Phone Not Working
A76: bezawit | B76: wondwosen | C76: bezawond1234@gmail.com | D76: +251967084523 | E76: =IF(ISNUMBER(MATCH(C76, 'Paid and Interested'!C:C, 0)), "Yes", "No") -> No | F76: Week 9 Milestone, Week 9 Test, Practice Quiz: Week 9, Week 9 Quiz | G76: Pathway | H76: Phone Not Working
A77: Yosef | B77: Temesgan | C77: josiinthehouse904@gmail.com | D77: +251940129281 | E77: =IF(ISNUMBER(MATCH(C77, 'Paid and Interested'!C:C, 0)), "Yes", "No") -> No | F77: Week 9 Milestone, Week 9 Test | G77: Pathway | H77: Phone Not Working
A78: Yohannes | B78: Zeleke | C78: yohanneszeleke49@gmail.com | D78: +251939601142 | E78: =IF(ISNUMBER(MATCH(C78, 'Paid and Interested'!C:C, 0)), "Yes", "No") -> No | F78: Practice Quiz: Week 9, Week 9 Quiz, Week 9 Milestone, Week 9 Test | G78: Pathway | H78: Phone Not Working
A79: Hermela | B79: Tilahun | C79: hermi0k7@gmail.com | D79: +251966330733 | E79: =IF(ISNUMBER(MATCH(C79, 'Paid and Interested'!C:C, 0)), "Yes", "No") -> No | F79: Practice Quiz: Week 9, Week 9 Quiz | G79: Pathway | H79: Phone Not Working
A80: Samuel | B80: Getnet | C80: sam.getnet23@gmail.com | D80: +251940100537 | E80: =IF(ISNUMBER(MATCH(C80, 'Paid and Interested'!C:C, 0)), "Yes", "No") -> No | F80: Week 9 Milestone, Week 9 Test, Practice Quiz: Week 9, Week 9 Quiz | G80: Pathway | H80: Phone Not Working
A81: Rediet | B81: Abiyu | C81: r16282472@gmail.com | D81: +251912032619 | E81: =IF(ISNUMBER(MATCH(C81, 'Paid and Interested'!C:C, 0)), "Yes", "No") -> No | F81: Week 9 Milestone, Week 9 Test, Practice Quiz: Week 9, Week 9 Quiz | G81: Pathway | H81: Not Picking Up
A82: Mussie | B82: Ashenafi | C82: mussieashenafi796@gmail.com | D82: +251933250134 | E82: =IF(ISNUMBER(MATCH(C82, 'Paid and Interested'!C:C, 0)), "Yes", "No") -> No | F82: Week 9 Milestone, Week 9 Test, Practice Quiz: Week 9, Week 9 Quiz | G82: Pathway | H82: Not Picking Up
A83: Nabon | B83: Kebede | C83: nabonelias@gmail.com | D83: +251910040920 | E83: =IF(ISNUMBER(MATCH(C83, 'Paid and Interested'!C:C, 0)), "Yes", "No") -> No | F83: Practice Quiz: Week 9, Week 9 Quiz, Week 9 Milestone, Week 9 Test | G83: Pathway | H83: Not Picking Up
A84: Rodas | B84: Geberhiwet | C84: rodasyonas73@gmail.com | D84: +251983353247 | E84: =IF(ISNUMBER(MATCH(C84, 'Paid and Interested'!C:C, 0)), "Yes", "No") -> No | F84: Week 9 Milestone, Week 9 Test, Practice Quiz: Week 9, Week 9 Quiz | G84: Pathway | H84: Not Picking Up
A85: Dagmawi | B85: Nikodimos | C85: nikofinishingworks@gmail.com | D85: +251933696869 | E85: =IF(ISNUMBER(MATCH(C85, 'Paid and Interested'!C:C, 0)), "Yes", "No") -> No | F85: Week 9 Milestone, Week 9 Test, Practice Quiz: Week 9, Week 9 Quiz | G85: Pathway | H85: Not Picking Up
A86: Mahlet | B86: Simachew | C86: miaberhan@gmail.com | D86: +251989173953 | E86: =IF(ISNUMBER(MATCH(C86, 'Paid and Interested'!C:C, 0)), "Yes", "No") -> No | F86: Week 9 Milestone, Week 9 Test, Practice Quiz: Week 9, Week 9 Quiz | G86: Pathway | H86: Not Picking Up
A87: Hana | B87: Yalew | C87: hyalew9@gmail.com | D87: 947791052 | E87: =IF(ISNUMBER(MATCH(C87, 'Paid and Interested'!C:C, 0)), "Yes", "No") -> No | F87: Week 9 Milestone, Week 9 Test, Practice Quiz: Week 9, Week 9 Quiz | G87: Pathway | H87: Not Picking Up
A88: Elham | B88: Seid | C88: elhamseid36@gmail.com | D88: +251948100655 | E88: =IF(ISNUMBER(MATCH(C88, 'Paid and Interested'!C:C, 0)), "Yes", "No") -> No | F88: Week 9 Milestone, Week 9 Test, Practice Quiz: Week 9, Week 9 Quiz | G88: Pathway | H88: Not Picking Up
A89: Dagmawi | B89: Solomon | C89: dagmsolomon2116@gmail.com | D89: +251951268237 | E89: =IF(ISNUMBER(MATCH(C89, 'Paid and Interested'!C:C, 0)), "Yes", "No") -> No | F89: Week 9 Milestone, Week 9 Test, Practice Quiz: Week 9, Week 9 Quiz | G89: Pathway | H89: Not Picking Up
A90: Tsigab Berihu | B90: Gereziher | C90: tsigabb23@gmail.com | D90: +251948601034 | E90: =IF(ISNUMBER(MATCH(C90, 'Paid and Interested'!C:C, 0)), "Yes", "No") -> No | F90: Practice Quiz: Week 9, Week 9 Quiz, Week 9 Milestone, Week 9 Test | G90: Pathway | H90: Not Picking Up
A91: Natnael | B91: Ayele | C91: withnatnael@gmail.com | D91: +251902633963 | E91: =IF(ISNUMBER(MATCH(C91, 'Paid and Interested'!C:C, 0)), "Yes", "No") -> No | F91: Practice Quiz: Week 9, Week 9 Quiz, Week 9 Milestone, Week 9 Test | G91: Pathway | H91: Not Picking Up
A92: Muhammed | B92: Seid | C92: emranseid633339@gmail.com | D92: +251922643416 | E92: =IF(ISNUMBER(MATCH(C92, 'Paid and Interested'!C:C, 0)), "Yes", "No") -> No | F92: Practice Quiz: Week 9, Week 9 Quiz, Week 9 Milestone | G92: Pathway | H92: Not Picking Up
A93: Tesfa | B93: Ephrem | C93: tesfaephrem8@gmail.com | D93: +251942571151 | E93: =IF(ISNUMBER(MATCH(C93, 'Paid and Interested'!C:C, 0)), "Yes", "No") -> No | F93: Week 9 Milestone, Week 9 Test, Practice Quiz: Week 9, Week 9 Quiz | G93: Pathway | H93: Not Picking Up
A94: Mike | B94: NA | C94: hellomechanics3@gmail.com | D94: 717232927 | E94: =IF(ISNUMBER(MATCH(C94, 'Paid and Interested'!C:C, 0)), "Yes", "No") -> No | F94: Week 9 Milestone, Week 9 Test, Practice Quiz: Week 9, Week 9 Quiz | G94: Pathway | H94: Not Picking Up
A95: Abraham | B95: Aydere | C95: abrishjunior@gmail.com | D95: +251993939848 | E95: =IF(ISNUMBER(MATCH(C95, 'Paid and Interested'!C:C, 0)), "Yes", "No") -> No | F95: Practice Quiz: Week 9, Week 9 Quiz, Week 9 Milestone, Week 9 Test | G95: Pathway | H95: Busy

Sheet Girum
A1: First name | B1: Last name | C1: Email | D1: Contact phone | E1: Is Paid and Interested? | F1: Missing Assignments | G1: Catagory | H1: Call Status | I1: Comment
A2: WUDU | B2: TESFA | C2: wudutesfap@gmail.com | D2: +251967435502 | E2: =IF(ISNUMBER(MATCH(C2, 'Paid and Interested'!C:C, 0)), "Yes", "No") -> No | F2: Practice Quiz: Week 9, Week 9 Quiz, Week 9 Milestone, Week 9 Test | G2: Pathway | H2: Reached | I2: he will finnish
A3: Tinbit mandefro | B3: Mitiku | C3: mitikutinbit@gmail.com | D3: +251938842608 | E3: =IF(ISNUMBER(MATCH(C3, 'Paid and Interested'!C:C, 0)), "Yes", "No") -> No | F3: Practice Quiz: Week 9, Week 9 Quiz, Week 9 Milestone, Week 9 Test | G3: Pathway | H3: Reached | I3: she will finnish
A4: Kenenisa | B4: Jaleta | C4: miltolomite@gmail.com | D4: +25126778875 | E4: =IF(ISNUMBER(MATCH(C4, 'Paid and Interested'!C:C, 0)), "Yes", "No") -> No | F4: Practice Quiz: Week 9, Week 9 Quiz, Week 9 Milestone, Week 9 Test | G4: Pathway | H4: Reached | I4: he will finnish
A5: Natanim | B5: Aklilu | C5: natanimaklilu2@gmail.com | D5: +251937524509 | E5: =IF(ISNUMBER(MATCH(C5, 'Paid and Interested'!C:C, 0)), "Yes", "No") -> No | F5: Practice Quiz: Week 9, Week 9 Quiz, Week 9 Milestone, Week 9 Test | G5: Pathway | H5: Reached | I5: he will finnish
A6: Dawit | B6: Sisay | C6: dawitmelos55@gmail.com | D6: +251956701666 | E6: =IF(ISNUMBER(MATCH(C6, 'Paid and Interested'!C:C, 0)), "Yes", "No") -> No | F6: Practice Quiz: Week 9, Week 9 Quiz, Week 9 Milestone, Week 9 Test | G6: Pathway | H6: Reached | I6: he will finnish
A7: Kalkidan | B7: Abebe | C7: abebebikila988@gmail.com | D7: +251932178255 | E7: =IF(ISNUMBER(MATCH(C7, 'Paid and Interested'!C:C, 0)), "Yes", "No") -> No | F7: Practice Quiz: Week 9, Week 9 Quiz, Week 9 Milestone, Week 9 Test | G7: Pathway | H7: Reached | I7: she will finnish
A8: Abraham | B8: Alemayehu | C8: abrahamalemayehu52@gmail.com | D8: +251977626168 | E8: =IF(ISNUMBER(MATCH(C8, 'Paid and Interested'!C:C, 0)), "Yes", "No") -> No | F8: Practice Quiz: Week 9, Week 9 Quiz, Week 9 Milestone, Week 9 Test | G8: Pathway | H8: Reached | I8: he will finnish
A9: Abreham | B9: Abebe | C9: abrehamabebe1921@gmail.com | D9: +251930368324 | E9: =IF(ISNUMBER(MATCH(C9, 'Paid and Interested'!C:C, 0)), "Yes", "No") -> No | F9: Week 9 Milestone, Week 9 Test, Practice Quiz: Week 9, Week 9 Quiz | G9: Pathway | H9: Reached | I9: busy to submit
A10: Nayomi | B10: Yonas | C10: yonasnayomi@gmail.com | D10: +251962099731 | E10: =IF(ISNUMBER(MATCH(C10, 'Paid and Interested'!C:C, 0)), "Yes", "No") -> No | F10: Week 9 Milestone, Week 9 Test | G10: Pathway | H10: Reached | I10: she will finnish
A11: Heamen | B11: Daniel | C11: melshiewtegenge@gmail.com | D11: 934169021 | E11: =IF(ISNUMBER(MATCH(C11, 'Paid and Interested'!C:C, 0)), "Yes", "No") -> No | F11: Practice Quiz: Week 9, Week 9 Quiz, Week 9 Milestone, Week 9 Test | G11: Pathway | H11: Reached | I11: she will finish
A12: Abel | B12: Yitages | C12: abelyitages10@gmail.com | D12: 251985401417 | E12: =IF(ISNUMBER(MATCH(C12, 'Paid and Interested'!C:C, 0)), "Yes", "No") -> No | F12: Week 9 Milestone | G12: Pathway | H12: Reached | I12: he will finnish
A13: Abenet | B13: Shegaw | C13: abinetshegaw@gmail.com | D13: +251942869218 | E13: =IF(ISNUMBER(MATCH(C13, 'Paid and Interested'!C:C, 0)), "Yes", "No") -> No | F13: Week 9 Milestone, Week 9 Test | G13: Pathway | H13: Reached | I13: he will finnish
A14: Eyobed | B14: Alemayehu | C14: eyobalex7@gmail.com | D14: +251904858961 | E14: =IF(ISNUMBER(MATCH(C14, 'Paid and Interested'!C:C, 0)), "Yes", "No") -> No | F14: Practice Quiz: Week 9, Week 9 Milestone | G14: Pathway | H14: Reached | I14: he will finnish
A15: Yeabsira | B15: Yirdaw | C15: yeabsirayirdaw@gmail.com | D15: +251918713274 | E15: =IF(ISNUMBER(MATCH(C15, 'Paid and Interested'!C:C, 0)), "Yes", "No") -> No | F15: Week 9 Milestone | G15: Pathway | H15: Reached | I15: he will finnish
A16: Akotet | B16: Demise | C16: akotetshimelis@gmail.com | D16: +251908195066 | E16: =IF(ISNUMBER(MATCH(C16, 'Paid and Interested'!C:C, 0)), "Yes", "No") -> No | F16: Week 9 Milestone, Week 9 Test | G16: Pathway | H16: Reached | I16: she will finnish
A17: Barnabas | B17: Amede | C17: barnabasva1@gmail.com | D17: +251988980824 | E17: =IF(ISNUMBER(MATCH(C17, 'Paid and Interested'!C:C, 0)), "Yes", "No") -> No | F17: Practice Quiz: Week 9 | G17: Pathway | H17: Reached | I17: he will finnish
A18: Merdokios | B18: Abebayehu | C18: merdokiosa@gmail.com | D18: 935863319 | E18: =IF(ISNUMBER(MATCH(C18, 'Paid and Interested'!C:C, 0)), "Yes", "No") -> No | F18: Week 9 Milestone | G18: Pathway | H18: Reached | I18: he will finnish
A19: Selamawit | B19: Welday | C19: selamawitwelday70@gmail.com | D19: +251913250178 | E19: =IF(ISNUMBER(MATCH(C19, 'Paid and Interested'!C:C, 0)), "Yes", "No") -> No | F19: Week 9 Milestone | G19: Pathway | H19: Reached | I19: she will finnish
A20: Abdulkamil | B20: Kemal | C20: kamawesagn77@gmail.com | D20: +251919678829 | E20: =IF(ISNUMBER(MATCH(C20, 'Paid and Interested'!C:C, 0)), "Yes", "No") -> No | F20: Week 9 Milestone | G20: Pathway | H20: Reached | I20: he will finnish
A21: Haileslassie | B21: Gebremedhn | C21: haileslassiegebremedhn029@gmail.com | D21: +251904310657 | E21: =IF(ISNUMBER(MATCH(C21, 'Paid and Interested'!C:C, 0)), "Yes", "No") -> No | F21: Week 9 Milestone | G21: Pathway | H21: Reached | I21: he will finnish
A22: Yohana | B22: Getahun | C22: yohget01998@gmail.com | D22: +251977472326 | E22: =IF(ISNUMBER(MATCH(C22, 'Paid and Interested'!C:C, 0)), "Yes", "No") -> No | F22: Week 9 Milestone | G22: Pathway | H22: Reached | I22: he will finnish
A23: Nesredin | B23: Faris | C23: nesru16zeynu@gmail.com | D23: 974288845 | E23: =IF(ISNUMBER(MATCH(C23, 'Paid and Interested'!C:C, 0)), "Yes", "No") -> No | F23: Practice Quiz: Week 9 | G23: Pathway | H23: Reached | I23: he will finnish
A24: Kidus | B24: Nesibu | C24: kidusnesibualiyu@gmail.com | D24: +251929784808 | E24: =IF(ISNUMBER(MATCH(C24, 'Paid and Interested'!C:C, 0)), "Yes", "No") -> No | F24: Week 9 Milestone, Week 9 Test | G24: Pathway | H24: Reached | I24: he will finnish
A25: Gemechu | B25: Gadisa | C25: gamegbay3@gmail.com | D25: +251933851065 | E25: =IF(ISNUMBER(MATCH(C25, 'Paid and Interested'!C:C, 0)), "Yes", "No") -> No | F25: Week 9 Milestone | G25: Pathway | H25: Reached | I25: he will finnish
A26: Kalid | B26: Hassen | C26: kalidhassen028@gmail.com | D26: +251922579357 | E26: =IF(ISNUMBER(MATCH(C26, 'Paid and Interested'!C:C, 0)), "Yes", "No") -> No | F26: Week 9 Milestone | G26: Pathway | H26: Reached | I26: he will finnish
A27: Kidus | B27: Hassen | C27: kidushassen573@gmail.com | D27: +251940190730 | E27: =IF(ISNUMBER(MATCH(C27, 'Paid and Interested'!C:C, 0)), "Yes", "No") -> No | F27: Practice Quiz: Week 9, Week 9 Milestone | G27: Pathway | H27: Reached | I27: he will finnish
A28: Liya | B28: Wondmu | C28: liyawondmu030@gmail.com | D28: +251976008760 | E28: =IF(ISNUMBER(MATCH(C28, 'Paid and Interested'!C:C, 0)), "Yes", "No") -> No | F28: Practice Quiz: Week 9 | G28: Pathway | H28: Reached | I28: she will finnish
A29: Yeabsira | B29: Getachew | C29: yeabsiragetachew288@gmail.com | D29: +251995293895 | E29: =IF(ISNUMBER(MATCH(C29, 'Paid and Interested'!C:C, 0)), "Yes", "No") -> No | F29: Week 9 Milestone | G29: Pathway | H29: Reached | I29: she will finnish
A30: Hasinat | B30: Assefa | C30: hasumititi@gmail.com | D30: +251967846883 | E30: =IF(ISNUMBER(MATCH(C30, 'Paid and Interested'!C:C, 0)), "Yes", "No") -> No | F30: Practice Quiz: Week 9 | G30: Pathway | H30: Reached
A31: Amir | B31: Negash | C31: amirhassen790@gmail.com | D31: 967314406 | E31: =IF(ISNUMBER(MATCH(C31, 'Paid and Interested'!C:C, 0)), "Yes", "No") -> No | F31: Week 9 Milestone | G31: Pathway | H31: Reached | I31: he will finnish
A32: Frehiwot | B32: Zerihun | C32: frehiwotzerihun7@gmail.com | D32: +251973992859 | E32: =IF(ISNUMBER(MATCH(C32, 'Paid and Interested'!C:C, 0)), "Yes", "No") -> No | F32: Week 9 Milestone | G32: Pathway | H32: Reached | I32: she will finnish
A33: Yohanes | B33: Mesfin | C33: yohanesmesfin21@gmail.com | D33: 985376102 | E33: =IF(ISNUMBER(MATCH(C33, 'Paid and Interested'!C:C, 0)), "Yes", "No") -> No | F33: Practice Quiz: Week 9, Week 9 Milestone | G33: Pathway | H33: Reached | I33: he will finnish
A34: Faris | B34: Yeteshawork | C34: farisyeteshawork95@gmail.com | D34: +251910131492 | E34: =IF(ISNUMBER(MATCH(C34, 'Paid and Interested'!C:C, 0)), "Yes", "No") -> No | F34: Practice Quiz: Week 9, Week 9 Milestone | G34: Pathway | H34: Reached | I34: he will finnish
A35: Rediet | B35: Getaneh | C35: yerediet@gmail.com | D35: +251975255235 | E35: =IF(ISNUMBER(MATCH(C35, 'Paid and Interested'!C:C, 0)), "Yes", "No") -> No | F35: Week 9 Milestone | G35: Pathway | H35: Reached | I35: he will finnish
A36: Seble | B36: Dagnachew | C36: seblefeleke16@gmail.com | D36: +251952889761 | E36: =IF(ISNUMBER(MATCH(C36, 'Paid and Interested'!C:C, 0)), "Yes", "No") -> No | F36: Practice Quiz: Week 9, Week 9 Quiz, Week 9 Milestone, Week 9 Test | G36: Pathway | H36: Reached | I36: Not interested
A37: Liul | B37: Eshetu | C37: shetululee@gmail.com | D37: +251923341644 | E37: =IF(ISNUMBER(MATCH(C37, 'Paid and Interested'!C:C, 0)), "Yes", "No") -> No | F37: Week 9 Milestone, Week 9 Test, Practice Quiz: Week 9, Week 9 Quiz | G37: Pathway | H37: Reached | I37: Not interetsed
A38: Mekdlawit | B38: Sule | C38: mhkgirls@gmail.com | D38: +251976765171 | E38: =IF(ISNUMBER(MATCH(C38, 'Paid and Interested'!C:C, 0)), "Yes", "No") -> No | F38: Week 9 Quiz, Week 9 Milestone, Week 9 Test | G38: Pathway | H38: Reached | I38: she will finnish
A39: Eleni | B39: Tewodros | C39: elenitewodros9@gmail.com | D39: +251951583387 | E39: =IF(ISNUMBER(MATCH(C39, 'Paid and Interested'!C:C, 0)), "Yes", "No") -> No | F39: Week 9 Milestone, Week 9 Test, Practice Quiz: Week 9, Week 9 Quiz | G39: Pathway | H39: Phone Not Working
A40: Beamlak | B40: Jembere | C40: bkg4281@gmail.com | D40: +251985414412 | E40: =IF(ISNUMBER(MATCH(C40, 'Paid and Interested'!C:C, 0)), "Yes", "No") -> No | F40: Practice Quiz: Week 9, Week 9 Quiz, Week 9 Milestone, Week 9 Test | G40: Pathway | H40: Phone Not Working
A41: Habib | B41: alex | C41: habibalexkr1015@gmail.com | D41: +251911109406 | E41: =IF(ISNUMBER(MATCH(C41, 'Paid and Interested'!C:C, 0)), "Yes", "No") -> No | F41: Practice Quiz: Week 9, Week 9 Milestone | G41: Pathway | H41: Phone Not Working
A42: Tesfaye | B42: Tadese | C42: kingstartesfa@gmail.com | D42: 904177650 | E42: =IF(ISNUMBER(MATCH(C42, 'Paid and Interested'!C:C, 0)), "Yes", "No") -> No | F42: Week 9 Milestone, Week 9 Test, Practice Quiz: Week 9, Week 9 Quiz | G42: Pathway | H42: Phone Not Working
A43: Kalkidan | B43: Shimeles | C43: kalshime2129@gmail.com | D43: +251936567795 | E43: =IF(ISNUMBER(MATCH(C43, 'Paid and Interested'!C:C, 0)), "Yes", "No") -> No | F43: Practice Quiz: Week 9, Week 9 Quiz, Week 9 Milestone | G43: Pathway | H43: Phone Not Working
A44: Natnael | B44: Negash | C44: natnaeltewodros03@gmail.com | D44: +251941357150 | E44: =IF(ISNUMBER(MATCH(C44, 'Paid and Interested'!C:C, 0)), "Yes", "No") -> No | F44: Week 9 Milestone | G44: Pathway | H44: Not Picking Up
A45: Eleni | B45: Ayalew | C45: eleniayalew27@gmail.com | D45: +251991182210 | E45: =IF(ISNUMBER(MATCH(C45, 'Paid and Interested'!C:C, 0)), "Yes", "No") -> No | F45: Week 9 Milestone | G45: Pathway | H45: Not Picking Up
A46: Fenet | B46: Leta | C46: fenetleta32@gmail.com | D46: +251982568691 | E46: =IF(ISNUMBER(MATCH(C46, 'Paid and Interested'!C:C, 0)), "Yes", "No") -> No | F46: Week 9 Milestone | G46: Pathway | H46: Not Picking Up
A47: Kaleab Denbel | B47: Kebede | C47: kaleabdenbelkebede@gmail.com | D47: +251988815914 | E47: =IF(ISNUMBER(MATCH(C47, 'Paid and Interested'!C:C, 0)), "Yes", "No") -> No | F47: Week 9 Milestone, Week 9 Test, Practice Quiz: Week 9, Week 9 Quiz | G47: Pathway | H47: Not Picking Up
A48: ruth | B48: hailu | C48: ruthgemeda1998@gmail.com | D48: +251978014689 | E48: =IF(ISNUMBER(MATCH(C48, 'Paid and Interested'!C:C, 0)), "Yes", "No") -> No | F48: Practice Quiz: Week 9, Week 9 Quiz, Week 9 Milestone, Week 9 Test | G48: Pathway | H48: Not Picking Up
A49: Leykun | B49: Alemhiwot | C49: leykunalemhiwot8@gmail.com | D49: +251967882434 | E49: =IF(ISNUMBER(MATCH(C49, 'Paid and Interested'!C:C, 0)), "Yes", "No") -> No | F49: Practice Quiz: Week 9, Week 9 Quiz, Week 9 Milestone | G49: Pathway | H49: Not Picking Up

Sheet Consolidated
A1: First name | B1: Last name | C1: Email | D1: Contact phone | E1: Is Paid and Interested? | F1: Missing Assignments | G1: Program | H1: Call Status | I1: Comment
A2: yoseph legesse | B2: abrha | C2: aregawiesayas@gmail.com | D2: +251996165586 | E2: =IF(ISNUMBER(MATCH(C2, 'Paid and Interested'!C:C, 0)), "Yes", "No") -> No | F2: Week 9 Milestone, Week 9 Test, Practice Quiz: Week 9, Week 9 Quiz | G2: Pathway | H2: Wrong Person
A3: ezana | B3: ketema | C3: ezanaketema22@gmail.com | D3: 251934432842 | E3: =IF(ISNUMBER(MATCH(C3, 'Paid and Interested'!C:C, 0)), "Yes", "No") -> No | F3: Practice Quiz: Week 9, Week 9 Quiz, Week 9 Milestone, Week 9 Test | G3: Pathway | H3: Reached | I3: he said okay
A4: Destaw Gisme | B4: Mulachew | C4: destawg@gmail.com | D4: +251918489684 | E4: =IF(ISNUMBER(MATCH(C4, 'Paid and Interested'!C:C, 0)), "Yes", "No") -> No | F4: Practice Quiz: Week 9, Week 9 Quiz, Week 9 Milestone, Week 9 Test | G4: Pathway | H4: Reached | I4: he said okay
A5: Bitew | B5: Ababayehu | C5: bict1626@gmail.com | D5: +251949625344 | E5: =IF(ISNUMBER(MATCH(C5, 'Paid and Interested'!C:C, 0)), "Yes", "No") -> No | F5: Week 9 Milestone, Week 9 Test, Practice Quiz: Week 9, Week 9 Quiz | G5: Pathway | H5: Reached | I5: he said okay
A6: Yitbarek | B6: Denbu | C6: yitbareksebsibe9@gmail.com | D6: 919410818 | E6: =IF(ISNUMBER(MATCH(C6, 'Paid and Interested'!C:C, 0)), "Yes", "No") -> No | F6: Week 9 Milestone, Week 9 Test, Practice Quiz: Week 9, Week 9 Quiz | G6: Pathway | H6: Reached | I6: he said okay
A7: Mubarek | B7: Hassen | C7: mubeman63@gmail.com | D7: +251965030079 | E7: =IF(ISNUMBER(MATCH(C7, 'Paid and Interested'!C:C, 0)), "Yes", "No") -> No | F7: Week 9 Milestone, Week 9 Test, Practice Quiz: Week 9, Week 9 Quiz | G7: Pathway | H7: Reached | I7: he has paused the course
A8: Muzeyfi | B8: Mahadi | C8: mmuzeyfi@gmail.com | D8: +251975284215 | E8: =IF(ISNUMBER(MATCH(C8, 'Paid and Interested'!C:C, 0)), "Yes", "No") -> No | F8: Week 9 Milestone, Week 9 Test, Practice Quiz: Week 9, Week 9 Quiz | G8: Pathway | H8: Reached | I8: he said okay
A9: Nebil | B9: Ahmed | C9: nebilnasir24@gmail.com | D9: +251994101121 | E9: =IF(ISNUMBER(MATCH(C9, 'Paid and Interested'!C:C, 0)), "Yes", "No") -> No | F9: Week 9 Milestone, Week 9 Test, Practice Quiz: Week 9, Week 9 Quiz | G9: Pathway | H9: Reached | I9: he said okay
A10: Siraj | B10: Hassen | C10: sifrajhassen@gmail.com | D10: +251984131188 | E10: =IF(ISNUMBER(MATCH(C10, 'Paid and Interested'!C:C, 0)), "Yes", "No") -> No | F10: Week 9 Milestone, Week 9 Test, Practice Quiz: Week 9, Week 9 Quiz | G10: Pathway | H10: Reached | I10: he is outside from Addis
A11: Addis | B11: Nigatu | C11: addishailu992@gmail.com | D11: +251945961714 | E11: =IF(ISNUMBER(MATCH(C11, 'Paid and Interested'!C:C, 0)), "Yes", "No") -> No | F11: Week 9 Milestone, Week 9 Test, Practice Quiz: Week 9, Week 9 Quiz | G11: Pathway | H11: Reached | I11: he said okay
A12: Biruk Abera | B12: Gebra | C12: birukaberagebra@gmail.com | D12: +251929346733 | E12: =IF(ISNUMBER(MATCH(C12, 'Paid and Interested'!C:C, 0)), "Yes", "No") -> No | F12: Practice Quiz: Week 9, Week 9 Quiz, Week 9 Milestone, Week 9 Test | G12: Pathway | H12: Reached | I12: he said okay
A13: Yohannis | B13: Million | C13: yohannismillion003@gmail.com | D13: +251994943497 | E13: =IF(ISNUMBER(MATCH(C13, 'Paid and Interested'!C:C, 0)), "Yes", "No") -> No | F13: Week 9 Milestone, Week 9 Test, Practice Quiz: Week 9, Week 9 Quiz | G13: Pathway | H13: Reached | I13: he's too busy to continue the course
A14: Habtamu | B14: Mune | C14: habtamu122124s@gmail.com | D14: +251939778240 | E14: =IF(ISNUMBER(MATCH(C14, 'Paid and Interested'!C:C, 0)), "Yes", "No") -> No | F14: Week 9 Milestone, Week 9 Test, Practice Quiz: Week 9, Week 9 Quiz | G14: Pathway | H14: Reached | I14: he's not intersted
A15: Ruth | B15: Getu | C15: rudygetu88@gmail.com | D15: +251944714263 | E15: =IF(ISNUMBER(MATCH(C15, 'Paid and Interested'!C:C, 0)), "Yes", "No") -> No | F15: Practice Quiz: Week 9, Week 9 Quiz, Week 9 Milestone, Week 9 Test | G15: Pathway | H15: Reached | I15: she's not interested
A16: Gedion | B16: Kifle | C16: gedionkifle0@gmail.com | D16: +251961099526 | E16: =IF(ISNUMBER(MATCH(C16, 'Paid and Interested'!C:C, 0)), "Yes", "No") -> No | F16: Week 9 Milestone, Week 9 Test, Practice Quiz: Week 9, Week 9 Quiz | G16: Pathway | H16: Reached | I16: he said okay
A17: Meron | B17: Zelalem | C17: haymikebede3@gmail.com | D17: +251929259929 | E17: =IF(ISNUMBER(MATCH(C17, 'Paid and Interested'!C:C, 0)), "Yes", "No") -> No | F17: Week 9 Milestone, Week 9 Test, Practice Quiz: Week 9, Week 9 Quiz | G17: Pathway | H17: Reached | I17: she said okay
A18: Bemnet | B18: Engdashet | C18: bemnetengda45@gmail.com | D18: +251912206321 | E18: =IF(ISNUMBER(MATCH(C18, 'Paid and Interested'!C:C, 0)), "Yes", "No") -> No | F18: Practice Quiz: Week 9, Week 9 Quiz, Week 9 Milestone, Week 9 Test | G18: Pathway | H18: Reached | I18: she isn't interested
... A23: Gidyelem | B23: Kelecha | C23: shibugidyelem@gmail.com | D23: +251992524875 | E23: =IF(ISNUMBER(MATCH(C23, 'Paid and Interested'!C:C, 0)), "Yes", "No") -> No | F23: Week 9 Milestone, Week 9 Test, Practice Quiz: Week 9, Week 9 Quiz | G23: Pathway | H23: Reached | I23: he's not interested
A24: Kirubel | B24: Hailu | C24: kirubel.seifu.great@gmail.com | D24: 909780413 | E24: =IF(ISNUMBER(MATCH(C24, 'Paid and Interested'!C:C, 0)), "Yes", "No") -> No | F24: Week 9 Milestone, Week 9 Test, Practice Quiz: Week 9, Week 9 Quiz | G24: Pathway | H24: Reached | I24: he said okay
A25: Naol | B25: Degol | C25: naolde812@gmail.com | D25: +251976029568 | E25: =IF(ISNUMBER(MATCH(C25, 'Paid and Interested'!C:C, 0)), "Yes", "No") -> No | F25: Week 9 Milestone, Week 9 Test, Practice Quiz: Week 9, Week 9 Quiz | G25: Pathway | H25: Reached | I25: he's not interested
A26: Habiba | B26: Ashref | C26: ashrefhabiba08@gmail.com | D26: +251912382222 | E26: =IF(ISNUMBER(MATCH(C26, 'Paid and Interested'!C:C, 0)), "Yes", "No") -> No | F26: Week 9 Milestone, Week 9 Test, Practice Quiz: Week 9, Week 9 Quiz | G26: Pathway | H26: Reached | I26: she wants to apply for the next cohort
A27: Hakimiyas | B27: Yilma | C27: kemeshgale@gmail.com | D27: 911918308 | E27: =IF(ISNUMBER(MATCH(C27, 'Paid and Interested'!C:C, 0)), "Yes", "No") -> No | F27: Practice Quiz: Week 9, Week 9 Quiz, Week 9 Milestone, Week 9 Test | G27: Pathway | H27: Reached | I27: he wants to apply for the next cohort
A28: Mikiyas | B28: Muluneh | C28: mulumiki4@gmail.com | D28: +251927990402 | E28: =IF(ISNUMBER(MATCH(C28, 'Paid and Interested'!C:C, 0)), "Yes", "No") -> No | F28: Week 9 Milestone, Week 9 Test, Practice Quiz: Week 9, Week 9 Quiz | G28: Pathway | H28: Reached | I28: he's not in Addis
A29: Kirubel | B29: Tesfaye | C29: tkirubel648@gmail.com | D29: +251939993088 | E29: =IF(ISNUMBER(MATCH(C29, 'Paid and Interested'!C:C, 0)), "Yes", "No") -> No | F29: Week 9 Milestone, Week 9 Test, Practice Quiz: Week 9, Week 9 Quiz | G29: Pathway | H29: Reached | I29: he wants to apply for the next cohort
A30: yohannes | B30: kebede | C30: yohaneskebedejo15@gmail.com | D30: +251935551413 | E30: =IF(ISNUMBER(MATCH(C30, 'Paid and Interested'!C:C, 0)), "Yes", "No") -> No | F30: Week 9 Milestone, Week 9 Test, Practice Quiz: Week 9, Week 9 Quiz | G30: Pathway | H30: Reached | I30: he's not in Addis
A31: Intisar | B31: Shemsu | C31: intisarshemsu2017gmail.com@gmail.com | D31: +251975184414 | E31: =IF(ISNUMBER(MATCH(C31, 'Paid and Interested'!C:C, 0)), "Yes", "No") -> No | F31: Week 9 Milestone, Week 9 Test, Practice Quiz: Week 9, Week 9 Quiz | G31: Pathway | H31: Reached | I31: she's not interested
A32: Yordanos | B32: Shemsedien | C32: yordanosshemsedin901@gmail.com | D32: +251901859818 | E32: =IF(ISNUMBER(MATCH(C32, 'Paid and Interested'!C:C, 0)), "Yes", "No") -> No | F32: Week 9 Milestone, Week 9 Test, Practice Quiz: Week 9, Week 9 Quiz | G32: Pathway | H32: Reached | I32: she's not in Addis
A33: REDIET TILAHUN | B33: AYELE | C33: rediettilahun10@gmail.com | D33: +251911172398 | E33: =IF(ISNUMBER(MATCH(C33, 'Paid and Interested'!C:C, 0)), "Yes", "No") -> No | F33: Week 9 Milestone, Week 9 Test, Practice Quiz: Week 9, Week 9 Quiz | G33: Pathway | H33: Reached | I33: he is too busy to continue the course
A34: Mengistu | B34: Tegegne | C34: tegegnem83@gmail.com | D34: 919698237 | E34: =IF(ISNUMBER(MATCH(C34, 'Paid and Interested'!C:C, 0)), "Yes", "No") -> No | F34: Week 9 Milestone, Week 9 Test, Practice Quiz: Week 9, Week 9 Quiz | G34: Pathway | H34: Reached | I34: he's not in Addis
A35: Blen | B35: Gebremariam | C35: bilublen20@gmail.com | D35: +251966888442 | E35: =IF(ISNUMBER(MATCH(C35, 'Paid and Interested'!C:C, 0)), "Yes", "No") -> No | F35: Week 9 Milestone, Week 9 Test, Practice Quiz: Week 9, Week 9 Quiz | G35: Pathway | H35: Reached | I35: she said okay
A36: Misganaw | B36: Yehuala | C36: asnakemisgana88@gmail.com | D36: +251913618893 | E36: =IF(ISNUMBER(MATCH(C36, 'Paid and Interested'!C:C, 0)), "Yes", "No") -> No | F36: Week 9 Milestone, Week 9 Test, Practice Quiz: Week 9, Week 9 Quiz | G36: Pathway | H36: Reached | I36: he will come to the hub
A37: Hanan | B37: Kebede | C37: hananitakebede12@gmail.com | D37: +251946409290 | E37: =IF(ISNUMBER(MATCH(C37, 'Paid and Interested'!C:C, 0)), "Yes", "No") -> No | F37: Week 9 Milestone, Week 9 Test, Practice Quiz: Week 9, Week 9 Quiz | G37: Pathway | H37: Reached | I37: email wasn't working
A38: Werkineh Gebermichael | B38: Welde | C38: werkinehgmichael10@gmail.com | D38: +251903096549 | E38: =IF(ISNUMBER(MATCH(C38, 'Paid and Interested'!C:C, 0)), "Yes", "No") -> No | F38: Week 9 Milestone, Week 9 Test, Practice Quiz: Week 9, Week 9 Quiz | G38: Pathway | H38: Reached | I38: he said okay
A39: Getnet | B39: Demissie | C39: getnetmulugeta2000@gmail.com | D39: 964865694 | E39: =IF(ISNUMBER(MATCH(C39, 'Paid and Interested'!C:C, 0)), "Yes", "No") -> No | F39: Week 9 Milestone, Week 9 Test, Practice Quiz: Week 9, Week 9 Quiz | G39: Pathway | H39: Reached | I39: he might finish the assignments
A40: Dagmawi | B40: Tesfaye | C40: dagmawitesfaye1318@gmail.com | D40: +251919183460 | E40: =IF(ISNUMBER(MATCH(C40, 'Paid and Interested'!C:C, 0)), "Yes", "No") -> No | F40: Week 9 Milestone, Week 9 Test, Practice Quiz: Week 9, Week 9 Quiz | G40: Pathway | H40: Reached | I40: he said okay
A41: Leul | B41: Yonas | C41: lecrae12345678@gmail.com | D41: +251909121415 | E41: =IF(ISNUMBER(MATCH(C41, 'Paid and Interested'!C:C, 0)), "Yes", "No") -> No | F41: Week 9 Milestone, Week 9 Test, Practice Quiz: Week 9, Week 9 Quiz | G41: Pathway | H41: Reached | I41: he's not interested
A42: Ruth | B42: Getachew | C42: ruthgetachew49@gmail.com | D42: +251946362757 | E42: =IF(ISNUMBER(MATCH(C42, 'Paid and Interested'!C:C, 0)), "Yes", "No") -> No | F42: Practice Quiz: Week 9, Week 9 Quiz, Week 9 Milestone, Week 9 Test | G42: Pathway | H42: Reached | I42: she's not in Addis
A43: Kenesa | B43: Tesfaye | C43: travtube43@gmail.com | D43: +251977840440 | E43: =IF(ISNUMBER(MATCH(C43, 'Paid and Interested'!C:C, 0)), "Yes", "No") -> No | F43: Week 9 Milestone, Week 9 Test, Practice Quiz: Week 9, Week 9 Quiz | G43: Pathway | H43: Reached | I43: he's not in Addis
A44: Eliyas | B44: Dejena | C44: eliyasdejena96@gmail.com | D44: +251991122060 | E44: =IF(ISNUMBER(MATCH(C44, 'Paid and Interested'!C:C, 0)), "Yes", "No") -> No | F44: Week 9 Milestone, Week 9 Test, Practice Quiz: Week 9, Week 9 Quiz | G44: Pathway | H44: Reached | I44: his email is not working
A45: Kaleb | B45: berhane | C45: kalebberhane4@gmail.com | D45: +251940123511 | E45: =IF(ISNUMBER(MATCH(C45, 'Paid and Interested'!C:C, 0)), "Yes", "No") -> No | F45: Week 9 Milestone, Week 9 Test, Practice Quiz: Week 9, Week 9 Quiz | G45: Pathway | H45: Reached | I45: he has paused the course
A46: Yoseph | B46: Mekru | C46: yoseph.mekru@gmail.com | D46: +251960301014 | E46: =IF(ISNUMBER(MATCH(C46, 'Paid and Interested'!C:C, 0)), "Yes", "No") -> No | F46: Practice Quiz: Week 9, Week 9 Quiz, Week 9 Milestone, Week 9 Test | G46: Pathway | H46: Reached | I46: he said okay
A47: Tadilo | B47: Bekalu | C47: tadet027@gmail.com | D47: +251975176394 | E47: =IF(ISNUMBER(MATCH(C47, 'Paid and Interested'!C:C, 0)), "Yes", "No") -> No | F47: Week 9 Milestone, Week 9 Test, Practice Quiz: Week 9, Week 9 Quiz | G47: Pathway | H47: Reached | I47: he said okay
A48: Mesele | B48: Aschenaki | C48: meryemabob@hotmail.com | D48: +251967796341 | E48: =IF(ISNUMBER(MATCH(C48, 'Paid and Interested'!C:C, 0)), "Yes", "No") -> No | F48: Week 9 Milestone, Week 9 Test, Practice Quiz: Week 9, Week 9 Quiz | G48: Pathway | H48: Reached | I48: he's not in Addis
A49: Fatuma | B49: Kedir | C49: fatikedir213@gmail.com | D49: +251968623781 | E49: =IF(ISNUMBER(MATCH(C49, 'Paid and Interested'!C:C, 0)), "Yes", "No") -> No | F49: Practice Quiz: Week 9, Week 9 Quiz, Week 9 Milestone, Week 9 Test | G49: Pathway | H49: Reached | I49: she wants to pause
A50: Abel | B50: Sitotaw | C50: abelsitotaw906@gmail.com | D50: 942105451 | E50: =IF(ISNUMBER(MATCH(C50, 'Paid and Interested'!C:C, 0)), "Yes", "No") -> No | F50: Week 9 Milestone, Week 9 Test, Practice Quiz: Week 9, Week 9 Quiz | G50: Pathway | H50: Reached | I50: unable to talk
A51: Yohaans | B51: Hmaryam | C51: mansami1221@gmail.com | D51: +251911771459 | E51: =IF(ISNUMBER(MATCH(C51, 'Paid and Interested'!C:C, 0)), "Yes", "No") -> No | F51: Week 9 Milestone, Week 9 Test, Practice Quiz: Week 9, Week 9 Quiz | G51: Pathway | H51: Reached | I51: he's not in Addis
A52: hana | B52: nguse | C52: hananguse5@gmail.com | D52: +251904504897 | E52: =IF(ISNUMBER(MATCH(C52, 'Paid and Interested'!C:C, 0)), "Yes", "No") -> No | F52: Practice Quiz: Week 9, Week 9 Quiz, Week 9 Milestone, Week 9 Test | G52: Pathway | H52: Reached | I52: she's not in Addis
A53: Alem | B53: Alemayehu | C53: alemalemayehu1996@gmail.com | D53: +251907081948 | E53: =IF(ISNUMBER(MATCH(C53, 'Paid and Interested'!C:C, 0)), "Yes", "No") -> No | F53: Practice Quiz: Week 9, Week 9 Quiz, Week 9 Milestone, Week 9 Test | G53: Pathway | H53: Reached | I53: he's not in Addis
A54: Yanet | B54: Demis | C54: astewaysolomon48@gmail.com | D54: +251937604126 | E54: =IF(ISNUMBER(MATCH(C54, 'Paid and Interested'!C:C, 0)), "Yes", "No") -> No | F54: Week 9 Milestone, Week 9 Test, Practice Quiz: Week 9, Week 9 Quiz | G54: Pathway | H54: Reached | I54: someone will pass the message
A55: Soliyana | B55: Asmare | C55: solianaasmare45@gmail.com | D55: +251903508405 | E55: =IF(ISNUMBER(MATCH(C55, 'Paid and Interested'!C:C, 0)), "Yes", "No") -> No | F55: Week 9 Milestone, Week 9 Test, Practice Quiz: Week 9, Week 9 Quiz | G55: Pathway | H55: Reached | I55: she wants to pause
A56: Tola | B56: Oromia | C56: tolawestern27@gmail.com | D56: +251900595205 | E56: =IF(ISNUMBER(MATCH(C56, 'Paid and Interested'!C:C, 0)), "Yes", "No") -> No | F56: Week 9 Milestone, Week 9 Test, Practice Quiz: Week 9, Week 9 Quiz | G56: Pathway | H56: Reached | I56: he mightapply for the next cohort
A57: Nahom | B57: Zeleke | C57: nahomzeleke5@gmail.com | D57: +251989033620 | E57: =IF(ISNUMBER(MATCH(C57, 'Paid and Interested'!C:C, 0)), "Yes", "No") -> No | F57: Week 9 Milestone, Week 9 Test, Practice Quiz: Week 9, Week 9 Quiz | G57: Pathway | H57: Reached | I57: he wants to apply for the next cohort
A58: abenezer | B58: Melsew | C58: abenezer.melsew@gmail.com | D58: +251913176044 | E58: =IF(ISNUMBER(MATCH(C58, 'Paid and Interested'!C:C, 0)), "Yes", "No") -> No | F58: Week 9 Milestone, Week 9 Test, Practice Quiz: Week 9, Week 9 Quiz | G58: Pathway | H58: Reached | I58: he might apply for the next cohort
A59: Tedilahun Tesfaye | B59: Wada | C59: tedilahuntesfaye65@gmail.com | D59: +251939716065 | E59: =IF(ISNUMBER(MATCH(C59, 'Paid and Interested'!C:C, 0)), "Yes", "No") -> No | F59: Week 9 Milestone, Week 9 Test, Practice Quiz: Week 9, Week 9 Quiz | G59: Pathway | H59: Reached | I59: he's not interested
A60: Yihun | B60: Wondimagegn | C60: yihun.fiseha82@gmail.com | D60: +251913968528 | E60: =IF(ISNUMBER(MATCH(C60, 'Paid and Interested'!C:C, 0)), "Yes", "No") -> No | F60: Week 9 Milestone, Week 9 Test, Practice Quiz: Week 9, Week 9 Quiz | G60: Pathway | H60: Reached | I60: he's not interested
A61: Ayantu | B61: Tariku | C61: ayantutariku22@gmail.com | D61: +251919473298 | E61: =IF(ISNUMBER(MATCH(C61, 'Paid and Interested'!C:C, 0)), "Yes", "No") -> No | F61: Week 9 Milestone, Week 9 Test, Practice Quiz: Week 9, Week 9 Quiz | G61: Pathway | H61: Reached | I61: no pc
A62: Biniyam | B62: Mandefro | C62: biniman286@gmail.com | D62: +251979078288 | E62: =IF(ISNUMBER(MATCH(C62, 'Paid and Interested'!C:C, 0)), "Yes", "No") -> No | F62: Week 9 Milestone, Week 9 Test, Practice Quiz: Week 9, Week 9 Quiz | G62: Pathway | H62: Reached | I62: he might apply for the next cohort
A63: BERESA | B63: GAGE | C63: lberesa@gmail.com | D63: 251910930130 | E63: =IF(ISNUMBER(MATCH(C63, 'Paid and Interested'!C:C, 0)), "Yes", "No") -> No | F63: Week 9 Milestone, Week 9 Test, Practice Quiz: Week 9, Week 9 Quiz | G63: Pathway | H63: Reached | I63: he said okay
A64: Nardos | B64: Addis | C64: anardos841@gmail.com | D64: +251920345070 | E64: =IF(ISNUMBER(MATCH(C64, 'Paid and Interested'!C:C, 0)), "Yes", "No") -> No | F64: Week 9 Milestone, Week 9 Test, Practice Quiz: Week 9, Week 9 Quiz | G64: Pathway | H64: Reached | I64: she's not in Addis
A65: Liul | B65: Eshetu | C65: shetululee@gmail.com | D65: +251923341644 | E65: =IF(ISNUMBER(MATCH(C65, 'Paid and Interested'!C:C, 0)), "Yes", "No") -> No | F65: Week 9 Milestone, Week 9 Test, Practice Quiz: Week 9, Week 9 Quiz | G65: Pathway | H65: Reached | I65: he might apply for the next cohort
A66: amanuel | B66: Ayalew | C66: amanueltesfaye544@gmail.com | D66: 942218249 | E66: =IF(ISNUMBER(MATCH(C66, 'Paid and Interested'!C:C, 0)), "Yes", "No") -> No | F66: Week 9 Milestone, Week 9 Test, Practice Quiz: Week 9, Week 9 Quiz | G66: Pathway | H66: Reached | I66: he's busy can;t continue the course
A67: Ermias | B67: Gebeyehu | C67: demekegebeyehu5@gmail.com | D67: +251920256167 | E67: =IF(ISNUMBER(MATCH(C67, 'Paid and Interested'!C:C, 0)), "Yes", "No") -> No | F67: Week 9 Milestone, Week 9 Test, Practice Quiz: Week 9, Week 9 Quiz | G67: Pathway | H67: Reached | I67: he wants to apply for the next cohort
A68: Emran | B68: Mohammed | C68: emranmohammed723@gmail.com | D68: +251996865428 | E68: =IF(ISNUMBER(MATCH(C68, 'Paid and Interested'!C:C, 0)), "Yes", "No") -> No | F68: Week 9 Milestone, Week 9 Test, Practice Quiz: Week 9, Week 9 Quiz | G68: Pathway | H68: Reached | I68: he said okay
A69: Meresit | B69: Tadele | C69: meresit920@gmail.com | D69: +251942322331 | E69: =IF(ISNUMBER(MATCH(C69, 'Paid and Interested'!C:C, 0)), "Yes", "No") -> No | F69: Practice Quiz: Week 9, Week 9 Quiz, Week 9 Milestone, Week 9 Test | G69: Pathway | H69: Reached | I69: she's not interested
A70: Anna | B70: Yaregal | C70: yaregalgetnet47@gmail.com | D70: +251974028889 | E70: =IF(ISNUMBER(MATCH(C70, 'Paid and Interested'!C:C, 0)), "Yes", "No") -> No | F70: Week 9 Milestone, Week 9 Test, Practice Quiz: Week 9, Week 9 Quiz | G70: Pathway | H70: Reached | I70: she might apply for the next cohort
A71: Titnawu Abebawu | B71: Abebe | C71: tihitinawabebaw2012@gmail.com | D71: +251941253366 | E71: =IF(ISNUMBER(MATCH(C71, 'Paid and Interested'!C:C, 0)), "Yes", "No") -> No | F71: Week 9 Milestone, Week 9 Test, Practice Quiz: Week 9, Week 9 Quiz | G71: Pathway | H71: Phone Not Working
A72: Mahider | B72: Ambiko | C72: mahiprofiambiko@gmail.com | D72: +251905117238 | E72: =IF(ISNUMBER(MATCH(C72, 'Paid and Interested'!C:C, 0)), "Yes", "No") -> No | F72: Week 9 Milestone, Week 9 Test, Practice Quiz: Week 9, Week 9 Quiz | G72: Pathway | H72: Phone Not Working
A73: Kedir | B73: Sherefa | C73: kedirfab1111@gmail.com | D73: +251930778945 | E73: =IF(ISNUMBER(MATCH(C73, 'Paid and Interested'!C:C, 0)), "Yes", "No") -> No | F73: Week 9 Milestone, Week 9 Test, Practice Quiz: Week 9, Week 9 Quiz | G73: Pathway | H73: Phone Not Working
A74: Ibrahim | B74: Aman | C74: ibrahimibate57@gmail.com | D74: +251988387640 | E74: =IF(ISNUMBER(MATCH(C74, 'Paid and Interested'!C:C, 0)), "Yes", "No") -> No | F74: Week 9 Milestone, Week 9 Test, Practice Quiz: Week 9, Week 9 Quiz | G74: Pathway | H74: Phone Not Working
A75: Feven Solomon | B75: Aragaw | C75: dagimyilma@gmail.com | D75: +251703172769 | E75: =IF(ISNUMBER(MATCH(C75, 'Paid and Interested'!C:C, 0)), "Yes", "No") -> No | F75: Week 9 Milestone, Week 9 Test, Practice Quiz: Week 9, Week 9 Quiz | G75: Pathway | H75: Phone Not Working
A76: Rediet | B76: Negash | C76: redhamikael@gmail.com | D76: +251942953765 | E76: =IF(ISNUMBER(MATCH(C76, 'Paid and Interested'!C:C, 0)), "Yes", "No") -> No | F76: Week 9 Milestone, Week 9 Test, Practice Quiz: Week 9, Week 9 Quiz | G76: Pathway | H76: Phone Not Working
A77: Sitra | B77: Yazew | C77: sitramasreshay@gmail.com | D77: +251973414100 | E77: =IF(ISNUMBER(MATCH(C77, 'Paid and Interested'!C:C, 0)), "Yes", "No") -> No | F77: Week 9 Milestone, Week 9 Test, Practice Quiz: Week 9, Week 9 Quiz | G77: Pathway | H77: Phone Not Working
A78: Beyan | B78: Abdela | C78: beyan7889@gmail.com | D78: +251949870596 | E78: =IF(ISNUMBER(MATCH(C78, 'Paid and Interested'!C:C, 0)), "Yes", "No") -> No | F78: Week 9 Milestone, Week 9 Test, Practice Quiz: Week 9, Week 9 Quiz | G78: Pathway | H78: Phone Not Working
A79: Yosef | B79: Tadesse | C79: twistingjob@gmail.com | D79: +251964607772 | E79: =IF(ISNUMBER(MATCH(C79, 'Paid and Interested'!C:C, 0)), "Yes", "No") -> No | F79: Week 9 Milestone, Week 9 Test, Practice Quiz: Week 9, Week 9 Quiz | G79: Pathway | H79: Phone Not Working
A80: Christian | B80: Dessalegn | C80: erenchristian717@gmail.com | D80: +251911879949 | E80: =IF(ISNUMBER(MATCH(C80, 'Paid and Interested'!C:C, 0)), "Yes", "No") -> No | F80: Week 9 Milestone, Week 9 Test, Practice Quiz: Week 9, Week 9 Quiz | G80: Pathway | H80: Phone Not Working
A81: Amen | B81: Getachew | C81: amengetachew040@gmail.com | D81: +251903757075 | E81: =IF(ISNUMBER(MATCH(C81, 'Paid and Interested'!C:C, 0)), "Yes", "No") -> No | F81: Week 9 Milestone, Week 9 Test, Practice Quiz: Week 9, Week 9 Quiz | G81: Pathway | H81: Phone Not Working
A82: Mercy | B82: Mk | C82: mercymk05@gmail.com | D82: 901140316 | E82: =IF(ISNUMBER(MATCH(C82, 'Paid and Interested'!C:C, 0)), "Yes", "No") -> No | F82: Week 9 Milestone, Week 9 Test, Practice Quiz: Week 9, Week 9 Quiz | G82: Pathway | H82: Phone Not Working
A83: Samuel | B83: Tewelde | C83: sm8878805@gmail.com | D83: +251994054292 | E83: =IF(ISNUMBER(MATCH(C83, 'Paid and Interested'!C:C, 0)), "Yes", "No") -> No | F83: Week 9 Milestone, Week 9 Test, Practice Quiz: Week 9, Week 9 Quiz | G83: Pathway | H83: Phone Not Working
A84: Yakin | B84: Getahun | C84: yakingetahun@gmail.com | D84: +251951514328 | E84: =IF(ISNUMBER(MATCH(C84, 'Paid and Interested'!C:C, 0)), "Yes", "No") -> No | F84: Week 9 Milestone, Week 9 Test, Practice Quiz: Week 9, Week 9 Quiz | G84: Pathway | H84: Phone Not Working
A85: Evana | B85: Ahmed | C85: evanaseid5@gmail.com | D85: +251970165478 | E85: =IF(ISNUMBER(MATCH(C85, 'Paid and Interested'!C:C, 0)), "Yes", "No") -> No | F85: Practice Quiz: Week 9, Week 9 Quiz, Week 9 Milestone, Week 9 Test | G85: Pathway | H85: Not Picking Up
A86: Senayit | B86: Aragaw | C86: 0934147689seni@gmail.com | D86: +251934147689 | E86: =IF(ISNUMBER(MATCH(C86, 'Paid and Interested'!C:C, 0)), "Yes", "No") -> No | F86: Week 9 Milestone, Week 9 Test, Practice Quiz: Week 9, Week 9 Quiz | G86: Pathway | H86: Not Picking Up
A87: Juhar | B87: Hussen | C87: juharhussen0591@gmail.com | D87: +251909202227 | E87: =IF(ISNUMBER(MATCH(C87, 'Paid and Interested'!C:C, 0)), "Yes", "No") -> No | F87: Practice Quiz: Week 9, Week 9 Quiz, Week 9 Milestone, Week 9 Test | G87: Pathway | H87: Not Picking Up
A88: Efrata | B88: Abayneh | C88: efratatewodros0@gmail.com | D88: +251904577470 | E88: =IF(ISNUMBER(MATCH(C88, 'Paid and Interested'!C:C, 0)), "Yes", "No") -> No | F88: Week 9 Milestone, Week 9 Test, Practice Quiz: Week 9, Week 9 Quiz | G88: Pathway | H88: Not Picking Up
A89: Lielena | B89: Mesfin | C89: lielnams2006@gmail.com | D89: +251974400747 | E89: =IF(ISNUMBER(MATCH(C89, 'Paid and Interested'!C:C, 0)), "Yes", "No") -> No | F89: Week 9 Milestone, Week 9 Test, Practice Quiz: Week 9, Week 9 Quiz | G89: Pathway | H89: Not Picking Up
A90: Seidu | B90: Zayede | C90: seiduzayede@gmail.com | D90: +251921795959 | E90: =IF(ISNUMBER(MATCH(C90, 'Paid and Interested'!C:C, 0)), "Yes", "No") -> No | F90: Week 9 Milestone, Week 9 Test, Practice Quiz: Week 9, Week 9 Quiz | G90: Pathway | H90: Not Picking Up
A91: Meron | B91: Tanjerina | C91: merontangu@gmail.com | D91: +251911135410 | E91: =IF(ISNUMBER(MATCH(C91, 'Paid and Interested'!C:C, 0)), "Yes", "No") -> No | F91: Week 9 Milestone, Week 9 Test, Practice Quiz: Week 9, Week 9 Quiz | G91: Pathway | H91: Not Picking Up
A92: kidist | B92: melkamu | C92: emuti271612@gmail.com | D92: +251065053695 | E92: =IF(ISNUMBER(MATCH(C92, 'Paid and Interested'!C:C, 0)), "Yes", "No") -> No | F92: Week 9 Milestone, Week 9 Test, Practice Quiz: Week 9, Week 9 Quiz | G92: Pathway | H92: Not Picking Up
A93: Dursa | B93: Aliye | C93: keydu55@gmail.com | D93: +251912756455 | E93: =IF(ISNUMBER(MATCH(C93, 'Paid and Interested'!C:C, 0)), "Yes", "No") -> No | F93: Week 9 Milestone, Week 9 Test, Practice Quiz: Week 9, Week 9 Quiz | G93: Pathway | H93: Not Picking Up
A94: Rabiya | B94: Rahmeto | C94: rabiyarahmeto2004@gmail.com | D94: +251947589276 | E94: =IF(ISNUMBER(MATCH(C94, 'Paid and Interested'!C:C, 0)), "Yes", "No") -> No | F94: Week 9 Milestone, Week 9 Test, Practice Quiz: Week 9, Week 9 Quiz | G94: Pathway | H94: Not Picking Up
... A98: Ezana | B98: Mesfin | C98: nitroman1375@gmail.com | D98: +251966925114 | E98: =IF(ISNUMBER(MATCH(C98, 'Paid and Interested'!C:C, 0)), "Yes", "No") -> No | F98: Week 9 Milestone, Week 9 Test, Practice Quiz: Week 9, Week 9 Quiz | G98: Pathway | H98: Wrong Person
A99: HENOK | B99: JR | C99: jrhenok52@gmail.com | D99: +251953962514 | E99: =IF(ISNUMBER(MATCH(C99, 'Paid and Interested'!C:C, 0)), "Yes", "No") -> No | F99: Week 9 Milestone, Week 9 Test, Practice Quiz: Week 9, Week 9 Quiz | G99: Pathway | H99: Reached | I99: busy sceduled and cant submit
A100: Emanda | B100: Aweke | C100: emandaawekee@gmail.com | D100: +251911660398 | E100: =IF(ISNUMBER(MATCH(C100, 'Paid and Interested'!C:C, 0)), "Yes", "No") -> No | F100: Week 9 Milestone, Week 9 Test, Practice Quiz: Week 9, Week 9 Quiz | G100: Pathway | H100: Reached | I100: she will
A101: saimon | B101: taye | C101: yilfashewamekonnen@gmail.com | D101: +251920459750 | E101: =IF(ISNUMBER(MATCH(C101, 'Paid and Interested'!C:C, 0)), "Yes", "No") -> No | F101: Practice Quiz: Week 9, Week 9 Quiz, Week 9 Milestone, Week 9 Test | G101: Pathway | H101: Reached | I101: he is not in adiss and cant submit
A102: belay | B102: Zeleke | C102: belay6519@gmail.com | D102: +251952295180 | E102: =IF(ISNUMBER(MATCH(C102, 'Paid and Interested'!C:C, 0)), "Yes", "No") -> No | F102: Week 9 Milestone, Week 9 Test, Practice Quiz: Week 9, Week 9 Quiz | G102: Pathway | H102: Reached | I102: he is not interested
A103: Samuel | B103: Taye | C103: samueltaye126@gmail.com | D103: +251989975215 | E103: =IF(ISNUMBER(MATCH(C103, 'Paid and Interested'!C:C, 0)), "Yes", "No") -> No | F103: Week 9 Milestone, Week 9 Test, Practice Quiz: Week 9, Week 9 Quiz | G103: Pathway | H103: Reached | I103: he is not interested
A104: Yassir | B104: Hamza | C104: yassirhamzab@gmail.com | D104: +251940181950 | E104: =IF(ISNUMBER(MATCH(C104, 'Paid and Interested'!C:C, 0)), "Yes", "No") -> No | F104: Practice Quiz: Week 9, Week 9 Quiz, Week 9 Milestone, Week 9 Test | G104: Pathway | H104: Reached | I104: he is not interested
A105: lealem | B105: birhanu | C105: lealembirhanu1998@gmail.com | D105: +251996861688 | E105: =IF(ISNUMBER(MATCH(C105, 'Paid and Interested'!C:C, 0)), "Yes", "No") -> No | F105: Week 9 Milestone, Week 9 Test, Practice Quiz: Week 9, Week 9 Quiz | G105: Pathway | H105: Reached | I105: she will call back
A106: Noah | B106: Doju | C106: noahdoju@gmail.com | D106: +251942319040 | E106: =IF(ISNUMBER(MATCH(C106, 'Paid and Interested'!C:C, 0)), "Yes", "No") -> No | F106: Week 9 Milestone, Week 9 Test, Practice Quiz: Week 9, Week 9 Quiz | G106: Pathway | H106: Reached | I106: he cant couse he not in adiss
A107: Yeabsira Kayel | B107: Wube | C107: yeabkalkayel@gmail.com | D107: +251988397119 | E107: =IF(ISNUMBER(MATCH(C107, 'Paid and Interested'!C:C, 0)), "Yes", "No") -> No | F107: Week 9 Milestone, Week 9 Test, Practice Quiz: Week 9, Week 9 Quiz | G107: Pathway | H107: Reached | I107: he needs the program for next chort
...

Sheet Interested learners after the c
A1: First name | B1: Last name | C1: Email | D1: Contact phone | E1: Is Paid and Interested? | F1: Missing Assignments | G1: Program | H1: Call Status | I1: Comment
A2: yoseph legesse | B2: abrha | C2: aregawiesayas@gmail.com | D2: +251996165586 | E2: =IF(ISNUMBER(MATCH(C2, 'Paid and Interested'!C:C, 0)), "Yes", "No") -> No | F2: Week 9 Milestone, Week 9 Test, Practice Quiz: Week 9, Week 9 Quiz | G2: Pathway | H2: Wrong Person
A3: ezana | B3: ketema | C3: ezanaketema22@gmail.com | D3: 251934432842 | E3: =IF(ISNUMBER(MATCH(C3, 'Paid and Interested'!C:C, 0)), "Yes", "No") -> No | F3: Practice Quiz: Week 9, Week 9 Quiz, Week 9 Milestone, Week 9 Test | G3: Pathway | H3: Reached | I3: he said okay
A4: Destaw Gisme | B4: Mulachew | C4: destawg@gmail.com | D4: +251918489684 | E4: =IF(ISNUMBER(MATCH(C4, 'Paid and Interested'!C:C, 0)), "Yes", "No") -> No | F4: Practice Quiz: Week 9, Week 9 Quiz, Week 9 Milestone, Week 9 Test | G4: Pathway | H4: Reached | I4: he said okay
A5: Bitew | B5: Ababayehu | C5: bict1626@gmail.com | D5: +251949625344 | E5: =IF(ISNUMBER(MATCH(C5, 'Paid and Interested'!C:C, 0)), "Yes", "No") -> No | F5: Week 9 Milestone, Week 9 Test, Practice Quiz: Week 9, Week 9 Quiz | G5: Pathway | H5: Reached | I5: he said okay
A6: Yitbarek | B6: Denbu | C6: yitbareksebsibe9@gmail.com | D6: 919410818 | E6: =IF(ISNUMBER(MATCH(C6, 'Paid and Interested'!C:C, 0)), "Yes", "No") -> No | F6: Week 9 Milestone, Week 9 Test, Practice Quiz: Week 9, Week 9 Quiz | G6: Pathway | H6: Reached | I6: he said okay
A7: Muzeyfi | B7: Mahadi | C7: mmuzeyfi@gmail.com | D7: +251975284215 | E7: =IF(ISNUMBER(MATCH(C7, 'Paid and Interested'!C:C, 0)), "Yes", "No") -> No | F7: Week 9 Milestone, Week 9 Test, Practice Quiz: Week 9, Week 9 Quiz | G7: Pathway | H7: Reached | I7: he said okay
A8: Nebil | B8: Ahmed | C8: nebilnasir24@gmail.com | D8: +251994101121 | E8: =IF(ISNUMBER(MATCH(C8, 'Paid and Interested'!C:C, 0)), "Yes", "No") -> No | F8: Week 9 Milestone, Week 9 Test, Practice Quiz: Week 9, Week 9 Quiz | G8: Pathway | H8: Reached | I8: he said okay
A9: Addis | B9: Nigatu | C9: addishailu992@gmail.com | D9: +251945961714 | E9: =IF(ISNUMBER(MATCH(C9, 'Paid and Interested'!C:C, 0)), "Yes", "No") -> No | F9: Week 9 Milestone, Week 9 Test, Practice Quiz: Week 9, Week 9 Quiz | G9: Pathway | H9: Reached | I9: he said okay
A10: Biruk Abera | B10: Gebra | C10: birukaberagebra@gmail.com | D10: +251929346733 | E10: =IF(ISNUMBER(MATCH(C10, 'Paid and Interested'!C:C, 0)), "Yes", "No") -> No | F10: Practice Quiz: Week 9, Week 9 Quiz, Week 9 Milestone, Week 9 Test | G10: Pathway | H10: Reached | I10: he said okay
A11: Gedion | B11: Kifle | C11: gedionkifle0@gmail.com | D11: +251961099526 | E11: =IF(ISNUMBER(MATCH(C11, 'Paid and Interested'!C:C, 0)), "Yes", "No") -> No | F11: Week 9 Milestone, Week 9 Test, Practice Quiz: Week 9, Week 9 Quiz | G11: Pathway | H11: Reached | I11: he said okay
A12: Meron | B12: Zelalem | C12: haymikebede3@gmail.com | D12: +251929259929 | E12: =IF(ISNUMBER(MATCH(C12, 'Paid and Interested'!C:C, 0)), "Yes", "No") -> No | F12: Week 9 Milestone, Week 9 Test, Practice Quiz: Week 9, Week 9 Quiz | G12: Pathway | H12: Reached | I12: she said okay
A13: Eshetu | B13: Alemu | C13: zewudea2884@gmail.com | D13: +251930686332 | E13: =IF(ISNUMBER(MATCH(C13, 'Paid and Interested'!C:C, 0)), "Yes", "No") -> No | F13: Week 9 Milestone, Week 9 Test, Practice Quiz: Week 9, Week 9 Quiz | G13: Pathway | H13: Reached | I13: he said okay
A14: Hewan | B14: Eshetu | C14: hewieshetu@gmail.com | D14: +251967668383 | E14: =IF(ISNUMBER(MATCH(C14, 'Paid and Interested'!C:C, 0)), "Yes", "No") -> No | F14: Week 9 Milestone, Week 9 Test, Practice Quiz: Week 9, Week 9 Quiz | G14: Pathway | H14: Reached | I14: she said okay
A15: Kirubel | B15: Hailu | C15: kirubel.seifu.great@gmail.com | D15: 909780413 | E15: =IF(ISNUMBER(MATCH(C15, 'Paid and Interested'!C:C, 0)), "Yes", "No") -> No | F15: Week 9 Milestone, Week 9 Test, Practice Quiz: Week 9, Week 9 Quiz | G15: Pathway | H15: Reached | I15: he said okay
A16: Blen | B16: Gebremariam | C16: bilublen20@gmail.com | D16: +251966888442 | E16: =IF(ISNUMBER(MATCH(C16, 'Paid and Interested'!C:C, 0)), "Yes", "No") -> No | F16: Week 9 Milestone, Week 9 Test, Practice Quiz: Week 9, Week 9 Quiz | G16: Pathway | H16: Reached | I16: she said okay
A17: Misganaw | B17: Yehuala | C17: asnakemisgana88@gmail.com | D17: +251913618893 | E17: =IF(ISNUMBER(MATCH(C17, 'Paid and Interested'!C:C, 0)), "Yes", "No") -> No | F17: Week 9 Milestone, Week 9 Test, Practice Quiz: Week 9, Week 9 Quiz | G17: Pathway | H17: Reached | I17: he will come to the hub
A18: Hanan | B18: Kebede | C18: hananitakebede12@gmail.com | D18: +251946409290 | E18: =IF(ISNUMBER(MATCH(C18, 'Paid and Interested'!C:C, 0)), "Yes", "No") -> No | F18: Week 9 Milestone, Week 9 Test, Practice Quiz: Week 9, Week 9 Quiz | G18: Pathway | H18: Reached | I18: email wasn't working
A19: Werkineh Gebermichael | B19: Welde | C19: werkinehgmichael10@gmail.com | D19: +251903096549 | E19: =IF(ISNUMBER(MATCH(C19, 'Paid and Interested'!C:C, 0)), "Yes", "No") -> No | F19: Week 9 Milestone, Week 9 Test, Practice Quiz: Week 9, Week 9 Quiz | G19: Pathway | H19: Reached | I19: he said okay
A20: Getnet | B20: Demissie | C20: getnetmulugeta2000@gmail.com | D20: 964865694 | E20: =IF(ISNUMBER(MATCH(C20, 'Paid and Interested'!C:C, 0)), "Yes", "No") -> No | F20: Week 9 Milestone, Week 9 Test, Practice Quiz: Week 9, Week 9 Quiz | G20: Pathway | H20: Reached | I20: he might finish the assignments
A21: Dagmawi | B21: Tesfaye | C21: dagmawitesfaye1318@gmail.com | D21: +251919183460 | E21: =IF(ISNUMBER(MATCH(C21, 'Paid and Interested'!C:C, 0)), "Yes", "No") -> No | F21: Week 9 Milestone, Week 9 Test, Practice Quiz: Week 9, Week 9 Quiz | G21: Pathway | H21: Reached | I21: he said okay
A22: Eliyas | B22: Dejena | C22: eliyasdejena96@gmail.com | D22: +251991122060 | E22: =IF(ISNUMBER(MATCH(C22, 'Paid and Interested'!C:C, 0)), "Yes", "No") -> No | F22: Week 9 Milestone, Week 9 Test, Practice Quiz: Week 9, Week 9 Quiz | G22: Pathway | H22: Reached | I22: his email is not working
A23: Yoseph | B23: Mekru | C23: yoseph.mekru@gmail.com | D23: +251960301014 | E23: =IF(ISNUMBER(MATCH(C23, 'Paid and Interested'!C:C, 0)), "Yes", "No") -> No | F23: Practice Quiz: Week 9, Week 9 Quiz, Week 9 Milestone, Week 9 Test | G23: Pathway | H23: Reached | I23: he said okay
A24: Tadilo | B24: Bekalu | C24: tadet027@gmail.com | D24: +251975176394 | E24: =IF(ISNUMBER(MATCH(C24, 'Paid and Interested'!C:C, 0)), "Yes", "No") -> No | F24: Week 9 Milestone, Week 9 Test, Practice Quiz: Week 9, Week 9 Quiz | G24: Pathway | H24: Reached | I24: he said okay
A25: Abel | B25: Sitotaw | C25: abelsitotaw906@gmail.com | D25: 942105451 | E25: =IF(ISNUMBER(MATCH(C25, 'Paid and Interested'!C:C, 0)), "Yes", "No") -> No | F25: Week 9 Milestone, Week 9 Test, Practice Quiz: Week 9, Week 9 Quiz | G25: Pathway | H25: Reached | I25: unable to talk
A26: Yanet | B26: Demis | C26: astewaysolomon48@gmail.com | D26: +251937604126 | E26: =IF(ISNUMBER(MATCH(C26, 'Paid and Interested'!C:C, 0)), "Yes", "No") -> No | F26: Week 9 Milestone, Week 9 Test, Practice Quiz: Week 9, Week 9 Quiz | G26: Pathway | H26: Reached | I26: someone will pass the message
A27: Ayantu | B27: Tariku | C27: ayantutariku22@gmail.com | D27: +251919473298 | E27: =IF(ISNUMBER(MATCH(C27, 'Paid and Interested'!C:C, 0)), "Yes", "No") -> No | F27: Week 9 Milestone, Week 9 Test, Practice Quiz: Week 9, Week 9 Quiz | G27: Pathway | H27: Reached | I27: no pc
A28: BERESA | B28: GAGE | C28: lberesa@gmail.com | D28: 251910930130 | E28: =IF(ISNUMBER(MATCH(C28, 'Paid and Interested'!C:C, 0)), "Yes", "No") -> No | F28: Week 9 Milestone, Week 9 Test, Practice Quiz: Week 9, Week 9 Quiz | G28: Pathway | H28: Reached | I28: he said okay
A29: Emran | B29: Mohammed | C29: emranmohammed723@gmail.com | D29: +251996865428 | E29: =IF(ISNUMBER(MATCH(C29, 'Paid and Interested'!C:C, 0)), "Yes", "No") -> No | F29: Week 9 Milestone, Week 9 Test, Practice Quiz: Week 9, Week 9 Quiz | G29: Pathway | H29: Reached | I29: he said okay
A30: Titnawu Abebawu | B30: Abebe | C30: tihitinawabebaw2012@gmail.com | D30: +251941253366 | E30: =IF(ISNUMBER(MATCH(C30, 'Paid and Interested'!C:C, 0)), "Yes", "No") -> No | F30: Week 9 Milestone, Week 9 Test, Practice Quiz: Week 9, Week 9 Quiz | G30: Pathway | H30: Phone Not Working
A31: Mahider | B31: Ambiko | C31: mahiprofiambiko@gmail.com | D31: +251905117238 | E31: =IF(ISNUMBER(MATCH(C31, 'Paid and Interested'!C:C, 0)), "Yes", "No") -> No | F31: Week 9 Milestone, Week 9 Test, Practice Quiz: Week 9, Week 9 Quiz | G31: Pathway | H31: Phone Not Working
A32: Kedir | B32: Sherefa | C32: kedirfab1111@gmail.com | D32: +251930778945 | E32: =IF(ISNUMBER(MATCH(C32, 'Paid and Interested'!C:C, 0)), "Yes", "No") -> No | F32: Week 9 Milestone, Week 9 Test, Practice Quiz: Week 9, Week 9 Quiz | G32: Pathway | H32: Phone Not Working
A33: Ibrahim | B33: Aman | C33: ibrahimibate57@gmail.com | D33: +251988387640 | E33: =IF(ISNUMBER(MATCH(C33, 'Paid and Interested'!C:C, 0)), "Yes", "No") -> No | F33: Week 9 Milestone, Week 9 Test, Practice Quiz: Week 9, Week 9 Quiz | G33: Pathway | H33: Phone Not Working
A34: Feven Solomon | B34: Aragaw | C34: dagimyilma@gmail.com | D34: +251703172769 | E34: =IF(ISNUMBER(MATCH(C34, 'Paid and Interested'!C:C, 0)), "Yes", "No") -> No | F34: Week 9 Milestone, Week 9 Test, Practice Quiz: Week 9, Week 9 Quiz | G34: Pathway | H34: Phone Not Working
A35: Rediet | B35: Negash | C35: redhamikael@gmail.com | D35: +251942953765 | E35: =IF(ISNUMBER(MATCH(C35, 'Paid and Interested'!C:C, 0)), "Yes", "No") -> No | F35: Week 9 Milestone, Week 9 Test, Practice Quiz: Week 9, Week 9 Quiz | G35: Pathway | H35: Phone Not Working
A36: Sitra | B36: Yazew | C36: sitramasreshay@gmail.com | D36: +251973414100 | E36: =IF(ISNUMBER(MATCH(C36, 'Paid and Interested'!C:C, 0)), "Yes", "No") -> No | F36: Week 9 Milestone, Week 9 Test, Practice Quiz: Week 9, Week 9 Quiz | G36: Pathway | H36: Phone Not Working
A37: Beyan | B37: Abdela | C37: beyan7889@gmail.com | D37: +251949870596 | E37: =IF(ISNUMBER(MATCH(C37, 'Paid and Interested'!C:C, 0)), "Yes", "No") -> No | F37: Week 9 Milestone, Week 9 Test, Practice Quiz: Week 9, Week 9 Quiz | G37: Pathway | H37: Phone Not Working
A38: Yosef | B38: Tadesse | C38: twistingjob@gmail.com | D38: +251964607772 | E38: =IF(ISNUMBER(MATCH(C38, 'Paid and Interested'!C:C, 0)), "Yes", "No") -> No | F38: Week 9 Milestone, Week 9 Test, Practice Quiz: Week 9, Week 9 Quiz | G38: Pathway | H38: Phone Not Working
A39: Christian | B39: Dessalegn | C39: erenchristian717@gmail.com | D39: +251911879949 | E39: =IF(ISNUMBER(MATCH(C39, 'Paid and Interested'!C:C, 0)), "Yes", "No") -> No | F39: Week 9 Milestone, Week 9 Test, Practice Quiz: Week 9, Week 9 Quiz | G39: Pathway | H39: Phone Not Working
A40: Amen | B40: Getachew | C40: amengetachew040@gmail.com | D40: +251903757075 | E40: =IF(ISNUMBER(MATCH(C40, 'Paid and Interested'!C:C, 0)), "Yes", "No") -> No | F40: Week 9 Milestone, Week 9 Test, Practice Quiz: Week 9, Week 9 Quiz | G40: Pathway | H40: Phone Not Working
A41: Mercy | B41: Mk | C41: mercymk05@gmail.com | D41: 901140316 | E41: =IF(ISNUMBER(MATCH(C41, 'Paid and Interested'!C:C, 0)), "Yes", "No") -> No | F41: Week 9 Milestone, Week 9 Test, Practice Quiz: Week 9, Week 9 Quiz | G41: Pathway | H41: Phone Not Working
A42: Samuel | B42: Tewelde | C42: sm8878805@gmail.com | D42: +251994054292 | E42: =IF(ISNUMBER(MATCH(C42, 'Paid and Interested'!C:C, 0)), "Yes", "No") -> No | F42: Week 9 Milestone, Week 9 Test, Practice Quiz: Week 9, Week 9 Quiz | G42: Pathway | H42: Phone Not Working
A43: Yakin | B43: Getahun | C43: yakingetahun@gmail.com | D43: +251951514328 | E43: =IF(ISNUMBER(MATCH(C43, 'Paid and Interested'!C:C, 0)), "Yes", "No") -> No | F43: Week 9 Milestone, Week 9 Test, Practice Quiz: Week 9, Week 9 Quiz | G43: Pathway | H43: Phone Not Working
A44: Evana | B44: Ahmed | C44: evanaseid5@gmail.com | D44: +251970165478 | E44: =IF(ISNUMBER(MATCH(C44, 'Paid and Interested'!C:C, 0)), "Yes", "No") -> No | F44: Practice Quiz: Week 9, Week 9 Quiz, Week 9 Milestone, Week 9 Test | G44: Pathway | H44: Not Picking Up
A45: Senayit | B45: Aragaw | C45: 0934147689seni@gmail.com | D45: +251934147689 | E45: =IF(ISNUMBER(MATCH(C45, 'Paid and Interested'!C:C, 0)), "Yes", "No") -> No | F45: Week 9 Milestone, Week 9 Test, Practice Quiz: Week 9, Week 9 Quiz | G45: Pathway | H45: Not Picking Up
A46: Juhar | B46: Hussen | C46: juharhussen0591@gmail.com | D46: +251909202227 | E46: =IF(ISNUMBER(MATCH(C46, 'Paid and Interested'!C:C, 0)), "Yes", "No") -> No | F46: Practice Quiz: Week 9, Week 9 Quiz, Week 9 Milestone, Week 9 Test | G46: Pathway | H46: Not Picking Up
A47: Efrata | B47: Abayneh | C47: efratatewodros0@gmail.com | D47: +251904577470 | E47: =IF(ISNUMBER(MATCH(C47, 'Paid and Interested'!C:C, 0)), "Yes", "No") -> No | F47: Week 9 Milestone, Week 9 Test, Practice Quiz: Week 9, Week 9 Quiz | G47: Pathway | H47: Not Picking Up
A48: Lielena | B48: Mesfin | C48: lielnams2006@gmail.com | D48: +251974400747 | E48: =IF(ISNUMBER(MATCH(C48, 'Paid and Interested'!C:C, 0)), "Yes", "No") -> No | F48: Week 9 Milestone, Week 9 Test, Practice Quiz: Week 9, Week 9 Quiz | G48: Pathway | H48: Not Picking Up
A49: Seidu | B49: Zayede | C49: seiduzayede@gmail.com | D49: +251921795959 | E49: =IF(ISNUMBER(MATCH(C49, 'Paid and Interested'!C:C, 0)), "Yes", "No") -> No | F49: Week 9 Milestone, Week 9 Test, Practice Quiz: Week 9, Week 9 Quiz | G49: Pathway | H49: Not Picking Up
A50: Meron | B50: Tanjerina | C50: merontangu@gmail.com | D50: +251911135410 | E50: =IF(ISNUMBER(MATCH(C50, 'Paid and Interested'!C:C, 0)), "Yes", "No") -> No | F50: Week 9 Milestone, Week 9 Test, Practice Quiz: Week 9, Week 9 Quiz | G50: Pathway | H50: Not Picking Up
A51: kidist | B51: melkamu | C51: emuti271612@gmail.com | D51: +251065053695 | E51: =IF(ISNUMBER(MATCH(C51, 'Paid and Interested'!C:C, 0)), "Yes", "No") -> No | F51: Week 9 Milestone, Week 9 Test, Practice Quiz: Week 9, Week 9 Quiz | G51: Pathway | H51: Not Picking Up
A52: Dursa | B52: Aliye | C52: keydu55@gmail.com | D52: +251912756455 | E52: =IF(ISNUMBER(MATCH(C52, 'Paid and Interested'!C:C, 0)), "Yes", "No") -> No | F52: Week 9 Milestone, Week 9 Test, Practice Quiz: Week 9, Week 9 Quiz | G52: Pathway | H52: Not Picking Up
A53: Rabiya | B53: Rahmeto | C53: rabiyarahmeto2004@gmail.com | D53: +251947589276 | E53: =IF(ISNUMBER(MATCH(C53, 'Paid and Interested'!C:C, 0)), "Yes", "No") -> No | F53: Week 9 Milestone, Week 9 Test, Practice Quiz: Week 9, Week 9 Quiz | G53: Pathway | H53: Not Picking Up
... A57: Ezana | B57: Mesfin | C57: nitroman1375@gmail.com | D57: +251966925114 | E57: =IF(ISNUMBER(MATCH(C57, 'Paid and Interested'!C:C, 0)), "Yes", "No") -> No | F57: Week 9 Milestone, Week 9 Test, Practice Quiz: Week 9, Week 9 Quiz | G57: Pathway | H57: Wrong Person
A58: Emanda | B58: Aweke | C58: emandaawekee@gmail.com | D58: +251911660398 | E58: =IF(ISNUMBER(MATCH(C58, 'Paid and Interested'!C:C, 0)), "Yes", "No") -> No | F58: Week 9 Milestone, Week 9 Test, Practice Quiz: Week 9, Week 9 Quiz | G58: Pathway | H58: Reached | I58: she will
A59: lealem | B59: birhanu | C59: lealembirhanu1998@gmail.com | D59: +251996861688 | E59: =IF(ISNUMBER(MATCH(C59, 'Paid and Interested'!C:C, 0)), "Yes", "No") -> No | F59: Week 9 Milestone, Week 9 Test, Practice Quiz: Week 9, Week 9 Quiz | G59: Pathway | H59: Reached | I59: she will call back
A60: Filimon | B60: Tadewos | C60: manfili330@gmail.com | D60: +251965802255 | E60: =IF(ISNUMBER(MATCH(C60, 'Paid and Interested'!C:C, 0)), "Yes", "No") -> No | F60: Week 9 Milestone, Week 9 Test, Practice Quiz: Week 9, Week 9 Quiz | G60: Pathway | H60: Reached | I60: he will
A61: Kaleab | B61: Belew | C61: sekacondacc@gmail.com | D61: +251938398442 | E61: =IF(ISNUMBER(MATCH(C61, 'Paid and Interested'!C:C, 0)), "Yes", "No") -> No | F61: Week 9 Milestone, Week 9 Test, Practice Quiz: Week 9, Week 9 Quiz | G61: Pathway | H61: Reached | I61: he will
A62: Liul | B62: Nigatu | C62: leulnigatu28@gmail.com | D62: +251989979166 | E62: =IF(ISNUMBER(MATCH(C62, 'Paid and Interested'!C:C, 0)), "Yes", "No") -> No | F62: Practice Quiz: Week 9, Week 9 Quiz, Week 9 Milestone, Week 9 Test | G62: Pathway | H62: Reached | I62: he will
A63: Abel | B63: Gorfu | C63: abelgorfu123@outlook.com | D63: 092 386 9600 | E63: =IF(ISNUMBER(MATCH(C63, 'Paid and Interested'!C:C, 0)), "Yes", "No") -> No | F63: Week 9 Milestone, Week 9 Test, Practice Quiz: Week 9, Week 9 Quiz | G63: Pathway | H63: Reached | I63: un able to talk
A64: Mehdi Jemal | B64: Esa | C64: mehdijemal105@gmail.com | D64: +251967651272 | E64: =IF(ISNUMBER(MATCH(C64, 'Paid and Interested'!C:C, 0)), "Yes", "No") -> No | F64: Practice Quiz: Week 9, Week 9 Quiz, Week 9 Milestone, Week 9 Test | G64: Pathway | H64: Reached | I64: he will
A65: NOBEL | B65: MUSSIE | C65: novamgt21@gmail.com | D65: +251906020763 | E65: =IF(ISNUMBER(MATCH(C65, 'Paid and Interested'!C:C, 0)), "Yes", "No") -> No | F65: Week 9 Milestone, Week 9 Test, Practice Quiz: Week 9, Week 9 Quiz | G65: Pathway | H65: Reached | I65: they will pass the message
A66: NATNAEL | B66: TILAHUN | C66: nman44183@gmail.com | D66: +251901095333 | E66: =IF(ISNUMBER(MATCH(C66, 'Paid and Interested'!C:C, 0)), "Yes", "No") -> No | F66: Week 9 Milestone | G66: Pathway | H66: Reached | I66: he will
A67: Amen | B67: Wakjira | C67: amenwakjirab@gmail.com | D67: she will | E67: =IF(ISNUMBER(MATCH(C67, 'Paid and Interested'!C:C, 0)), "Yes", "No") -> No | F67: Week 9 Milestone, Week 9 Test, Practice Quiz: Week 9, Week 9 Quiz | G67: Pathway | H67: Reached
A68: Dagimawi | B68: Geberesillasie | C68: mandagi588@gmail.com | D68: +251943133459 | E68: =IF(ISNUMBER(MATCH(C68, 'Paid and Interested'!C:C, 0)), "Yes", "No") -> No | F68: Practice Quiz: Week 9, Week 9 Quiz, Week 9 Milestone | G68: Pathway | H68: Reached | I68: he will
A69: Dagmawi | B69: Tewodros | C69: yimegnutalasefa@gmail.com | D69: 960306801 | E69: =IF(ISNUMBER(MATCH(C69, 'Paid and Interested'!C:C, 0)), "Yes", "No") -> No | F69: Practice Quiz: Week 9, Week 9 Quiz, Week 9 Milestone | G69: Pathway | H69: Reached | I69: he will
A70: Ephrem | B70: Gobezie | C70: ephigo123@gmail.com | D70: +251918731166 | E70: =IF(ISNUMBER(MATCH(C70, 'Paid and Interested'!C:C, 0)), "Yes", "No") -> No | F70: Practice Quiz: Week 9, Week 9 Quiz, Week 9 Milestone, Week 9 Test | G70: Pathway | H70: Reached | I70: he will
A71: Rafat | B71: Kedir | C71: rafatk2021@gmail.com | D71: +251911470399 | E71: =IF(ISNUMBER(MATCH(C71, 'Paid and Interested'!C:C, 0)), "Yes", "No") -> No | F71: Practice Quiz: Week 9, Week 9 Quiz, Week 9 Milestone, Week 9 Test | G71: Pathway | H71: Reached | I71: he will
A72: Feruz | B72: Nesru | C72: seraphinadada@gmail.com | D72: +251910072535 | E72: =IF(ISNUMBER(MATCH(C72, 'Paid and Interested'!C:C, 0)), "Yes", "No") -> No | F72: Practice Quiz: Week 9, Week 9 Quiz, Week 9 Milestone, Week 9 Test | G72: Pathway | H72: Reached | I72: she will
A73: Ashenafi | B73: Asfaw | C73: asfawashenafi1371@gmail.com | D73: +251930755525 | E73: =IF(ISNUMBER(MATCH(C73, 'Paid and Interested'!C:C, 0)), "Yes", "No") -> No | F73: Week 9 Quiz, Week 9 Milestone, Week 9 Test | G73: Pathway | H73: Reached | I73: he will
A74: Metasebia | B74: Tilahun | C74: metasebiatilahun726@gmail.com | D74: +251947811321 | E74: =IF(ISNUMBER(MATCH(C74, 'Paid and Interested'!C:C, 0)), "Yes", "No") -> No | F74: Practice Quiz: Week 9, Week 9 Quiz, Week 9 Milestone, Week 9 Test | G74: Pathway | H74: Reached | I74: she will
A75: Abraham Mulugeta | B75: Adebash | C75: zeabrahammulugeta@gmail.com | D75: +251918968852 | E75: =IF(ISNUMBER(MATCH(C75, 'Paid and Interested'!C:C, 0)), "Yes", "No") -> No | F75: Week 9 Milestone, Week 9 Test | G75: Pathway | H75: Reached | I75: he will
A76: Lidya | B76: Nahom | C76: lidyanahom04@gmail.com | D76: +251961097887 | E76: =IF(ISNUMBER(MATCH(C76, 'Paid and Interested'!C:C, 0)), "Yes", "No") -> No | F76: Practice Quiz: Week 9, Week 9 Quiz, Week 9 Milestone, Week 9 Test | G76: Pathway | H76: Reached | I76: she will
A77: Lidiya | B77: Endale | C77: gracelidiya56@gmail.com | D77: +251712271351 | E77: =IF(ISNUMBER(MATCH(C77, 'Paid and Interested'!C:C, 0)), "Yes", "No") -> No | F77: Practice Quiz: Week 9, Week 9 Quiz, Week 9 Milestone, Week 9 Test | G77: Pathway | H77: Reached | I77: she will
A78: Ermias | B78: Mehreteab | C78: ermercy338@gmail.com | D78: +251973794050 | E78: =IF(ISNUMBER(MATCH(C78, 'Paid and Interested'!C:C, 0)), "Yes", "No") -> No | F78: Practice Quiz: Week 9, Week 9 Quiz, Week 9 Milestone, Week 9 Test | G78: Pathway | H78: Reached | I78: he will
A79: Tsion | B79: Gidey | C79: tsigiday42@gmail.com | D79: +251984659692 | E79: =IF(ISNUMBER(MATCH(C79, 'Paid and Interested'!C:C, 0)), "Yes", "No") -> No | F79: Practice Quiz: Week 9, Week 9 Quiz, Week 9 Milestone, Week 9 Test | G79: Pathway | H79: Reached | I79: Already done
A80: Ekram | B80: Gashaw | C80: ekramgashaw1@gmail.com | D80: +251908022125 | E80: =IF(ISNUMBER(MATCH(C80, 'Paid and Interested'!C:C, 0)), "Yes", "No") -> No | F80: Week 9 Quiz, Week 9 Milestone | G80: Pathway | H80: Reached | I80: she will
A81: Kibru | B81: Gebregeorgis | C81: kibrutsadik@gmail.com | D81: +251917266440 | E81: =IF(ISNUMBER(MATCH(C81, 'Paid and Interested'!C:C, 0)), "Yes", "No") -> No | F81: Practice Quiz: Week 9, Week 9 Quiz, Week 9 Milestone | G81: Pathway | H81: Reached | I81: he will
... A87: Betselot | B87: Sisay | C87: betselotsisay40@gmail.com | D87: +251989790781 | E87: =IF(ISNUMBER(MATCH(C87, 'Paid and Interested'!C:C, 0)), "Yes", "No") -> No | F87: Practice Quiz: Week 9, Week 9 Quiz, Week 9 Milestone, Week 9 Test | G87: Pathway | H87: Reached | I87: she will
A88: Bereket | B88: GebreGiorgis | C88: berketket@gmail.com | D88: 920629275 | E88: =IF(ISNUMBER(MATCH(C88, 'Paid and Interested'!C:C, 0)), "Yes", "No") -> No | F88: Practice Quiz: Week 9, Week 9 Quiz, Week 9 Milestone, Week 9 Test | G88: Pathway | H88: Reached | I88: he will
A89: Roman | B89: Andualem | C89: mengestaroman@gmail.com | D89: +251919184599 | E89: =IF(ISNUMBER(MATCH(C89, 'Paid and Interested'!C:C, 0)), "Yes", "No") -> No | F89: Practice Quiz: Week 9, Week 9 Quiz, Week 9 Milestone, Week 9 Test | G89: Pathway | H89: Reached | I89: she will
A90: Mahir | B90: Ebrahim | C90: mahirebrahim21@gmail.com | D90: +251931311072 | E90: =IF(ISNUMBER(MATCH(C90, 'Paid and Interested'!C:C, 0)), "Yes", "No") -> No | F90: Week 9 Milestone, Week 9 Test, Practice Quiz: Week 9, Week 9 Quiz | G90: Pathway | H90: Phone Not Working
A91: Firaol | B91: Lemessa | C91: rexkiya54@gmail.com | D91: +251989947869 | E91: =IF(ISNUMBER(MATCH(C91, 'Paid and Interested'!C:C, 0)), "Yes", "No") -> No | F91: Week 9 Milestone, Week 9 Test, Practice Quiz: Week 9, Week 9 Quiz | G91: Pathway | H91: Phone Not Working
A92: Abrham | B92: Tadesse | C92: abrhamtesfaye191@gmail.com | D92: +251940286986 | E92: =IF(ISNUMBER(MATCH(C92, 'Paid and Interested'!C:C, 0)), "Yes", "No") -> No | F92: Week 9 Milestone, Week 9 Test, Practice Quiz: Week 9, Week 9 Quiz | G92: Pathway | H92: Phone Not Working
A93: Adem | B93: Gemeda | C93: ademwabe3@gmail.com | D93: +251909567795 | E93: =IF(ISNUMBER(MATCH(C93, 'Paid and Interested'!C:C, 0)), "Yes", "No") -> No | F93: Week 9 Milestone, Week 9 Test, Practice Quiz: Week 9, Week 9 Quiz | G93: Pathway | H93: Phone Not Working
A94: Ermias | B94: Melku | C94: ermiasmelku3400@gmail.com | D94: 910270723 | E94: =IF(ISNUMBER(MATCH(C94, 'Paid and Interested'!C:C, 0)), "Yes", "No") -> No | F94: Week 9 Milestone, Week 9 Test, Practice Quiz: Week 9, Week 9 Quiz | G94: Pathway | H94: Phone Not Working
A95: Rediat | B95: Waketola | C95: rediatwaketola@gmail.com | D95: +251936830929 | E95: =IF(ISNUMBER(MATCH(C95, 'Paid and Interested'!C:C, 0)), "Yes", "No") -> No | F95: Practice Quiz: Week 9, Week 9 Quiz | G95: Pathway | H95: Phone Not Working
A96: bezawit | B96: wondwosen | C96: bezawond1234@gmail.com | D96: +251967084523 | E96: =IF(ISNUMBER(MATCH(C96, 'Paid and Interested'!C:C, 0)), "Yes", "No") -> No | F96: Week 9 Milestone, Week 9 Test, Practice Quiz: Week 9, Week 9 Quiz | G96: Pathway | H96: Phone Not Working
A97: Yosef | B97: Temesgan | C97: josiinthehouse904@gmail.com | D97: +251940129281 | E97: =IF(ISNUMBER(MATCH(C97, 'Paid and Interested'!C:C, 0)), "Yes", "No") -> No | F97: Week 9 Milestone, Week 9 Test | G97: Pathway | H97: Phone Not Working
A98: Yohannes | B98: Zeleke | C98: yohanneszeleke49@gmail.com | D98: +251939601142 | E98: =IF(ISNUMBER(MATCH(C98, 'Paid and Interested'!C:C, 0)), "Yes", "No") -> No | F98: Practice Quiz: Week 9, Week 9 Quiz, Week 9 Milestone, Week 9 Test | G98: Pathway | H98: Phone Not Working
A99: Hermela | B99: Tilahun | C99: hermi0k7@gmail.com | D99: +251966330733 | E99: =IF(ISNUMBER(MATCH(C99, 'Paid and Interested'!C:C, 0)), "Yes", "No") -> No | F99: Practice Quiz: Week 9, Week 9 Quiz | G99: Pathway | H99: Phone Not Working
A100: Samuel | B100: Getnet | C100: sam.getnet23@gmail.com | D100: +251940100537 | E100: =IF(ISNUMBER(MATCH(C100, 'Paid and Interested'!C:C, 0)), "Yes", "No") -> No | F100: Week 9 Milestone, Week 9 Test, Practice Quiz: Week 9, Week 9 Quiz | G100: Pathway | H100: Phone Not Working
A101: Rediet | B101: Abiyu | C101: r16282472@gmail.com | D101: +251912032619 | E101: =IF(ISNUMBER(MATCH(C101, 'Paid and Interested'!C:C, 0)), "Yes", "No") -> No | F101: Week 9 Milestone, Week 9 Test, Practice Quiz: Week 9, Week 9 Quiz | G101: Pathway | H101: Not Picking Up
A102: Mussie | B102: Ashenafi | C102: mussieashenafi796@gmail.com | D102: +251933250134 | E102: =IF(ISNUMBER(MATCH(C102, 'Paid and Interested'!C:C, 0)), "Yes", "No") -> No | F102: Week 9 Milestone, Week 9 Test, Practice Quiz: Week 9, Week 9 Quiz | G102: Pathway | H102: Not Picking Up
A103: Nabon | B103: Kebede | C103: nabonelias@gmail.com | D103: +251910040920 | E103: =IF(ISNUMBER(MATCH(C103, 'Paid and Interested'!C:C, 0)), "Yes", "No") -> No | F103: Practice Quiz: Week 9, Week 9 Quiz, Week 9 Milestone, Week 9 Test | G103: Pathway | H103: Not Picking Up
A104: Rodas | B104: Geberhiwet | C104: rodasyonas73@gmail.com | D104: +251983353247 | E104: =IF(ISNUMBER(MATCH(C104, 'Paid and Interested'!C:C, 0)), "Yes", "No") -> No | F104: Week 9 Milestone, Week 9 Test, Practice Quiz: Week 9, Week 9 Quiz | G104: Pathway | H104: Not Picking Up
A105: Dagmawi | B105: Nikodimos | C105: nikofinishingworks@gmail.com | D105: +251933696869 | E105: =IF(ISNUMBER(MATCH(C105, 'Paid and Interested'!C:C, 0)), "Yes", "No") -> No | F105: Week 9 Milestone, Week 9 Test, Practice Quiz: Week 9, Week 9 Quiz | G105: Pathway | H105: Not Picking Up
A106: Mahlet | B106: Simachew | C106: miaberhan@gmail.com | D106: +251989173953 | E106: =IF(ISNUMBER(MATCH(C106, 'Paid and Interested'!C:C, 0)), "Yes", "No") -> No | F106: Week 9 Milestone, Week 9 Test, Practice Quiz: Week 9, Week 9 Quiz | G106: Pathway | H106: Not Picking Up
A107: Hana | B107: Yalew | C107: hyalew9@gmail.com | D107: 947791052 | E107: =IF(ISNUMBER(MATCH(C107, 'Paid and Interested'!C:C, 0)), "Yes", "No") -> No | F107: Week 9 Milestone, Week 9 Test, Practice Quiz: Week 9, Week 9 Quiz | G107: Pathway | H107: Not Picking Up
A108: Elham | B108: Seid | C108: elhamseid36@gmail.com | D108: +251948100655 | E108: =IF(ISNUMBER(MATCH(C108, 'Paid and Interested'!C:C, 0)), "Yes", "No") -> No | F108: Week 9 Milestone, Week 9 Test, Practice Quiz: Week 9, Week 9 Quiz | G108: Pathway | H108: Not Picking Up
...
